type,problem,answer,time,,type,problem,answer,time,,,,,,,,,,type,problem,answer,time,,type,problem,answer,time
d,1,1,0,,d,1,1,0,,,,,,,,,,m,1,1,0,,r,1,1,0
d,2,2,0,,d,2,2,0,,,,,,,,,,m,2,2,0,,r,2,2,0
d,3,3,0,,d,3,3,0,,,,,,,,,,m,3,3,0,,r,3,3,0
d,4,4,0,,d,4,4,0,,,,,,,,,,m,4,4,0,,r,4,4,0
d,5,5,0,,d,5,5,0,,,,,,,,,,m,5,5,0,,r,5,5,0
d,6,6,0,,d,6,6,0,,,,,,,,,,m,6,6,0,,r,6,6,0
d,7,1,0,,d,7,1,0,,,,,,,,,,m,7,1,0,,r,7,1,0
d,8,2,0,,d,8,2,0,,,,,,,,,,m,8,2,0,,r,8,2,0
d,9,3,0,,d,9,3,0,,,,,,,,,,m,9,3,0,,r,9,3,0
d,10,4,0,,d,10,4,0,,,,,,,,,,m,10,4,0,,r,10,4,0
d,11,5,0,,d,11,5,0,,,,,,,,,,m,11,5,0,,r,11,5,0
d,12,6,1,,d,12,6,1,,,,,,,,,,m,12,6,0,,r,12,6,0
d,13,7,0,,d,13,7,0,,,,,,,,,,m,13,7,0,,r,13,7,0
d,14,2,0,,d,14,2,0,,,,,,,,,,m,14,2,0,,r,14,2,0
d,15,3,0,,d,15,3,0,,,,,,,,,,m,15,3,0,,r,15,3,1
d,16,4,2,,d,16,4,2,,,,,,,,,,m,16,4,3,,r,16,4,0
d,17,1,0,,d,17,1,0,,,,,,,,,,m,17,1,3,,r,17,1,0
d,18,2,0,,d,18,2,0,,,,,,,,,,m,18,2,3,,r,18,2,0
d,19,3,0,,d,19,3,0,,,,,,,,,,m,19,3,0,,r,19,3,2
d,20,4,0,,d,20,4,0,,,,,,,,,,m,20,4,0,,r,20,4,1
d,21,3,0,,d,21,3,0,,,,,,,,,,m,21,3,0,,r,21,3,1
d,22,4,0,,d,22,4,0,,,,,,,,,,m,22,4,0,,r,22,4,1
d,23,1,0,,d,23,1,0,,,,,,,,,,m,23,1,0,,r,23,1,3
d,24,2,1,,d,24,2,1,,,,,,,,,,m,24,2,0,,r,24,2,3
d,25,3,0,,d,25,3,0,,,,,,,,,,m,25,3,0,,r,25,3,4
d,26,4,0,,d,26,4,0,,,,,,,,,,m,26,4,0,,r,26,4,5
d,27,5,0,,d,27,5,0,,,,,,,,,,m,27,5,0,,r,27,5,6
d,28,4,0,,d,28,4,0,,,,,,,,,,m,28,4,0,,r,28,4,7
d,29,5,0,,d,29,5,0,,,,,,,,,,m,29,5,0,,r,29,5,9
d,30,2,0,,d,30,2,0,,,,,,,,,,m,30,2,0,,r,30,2,13
d,31,3,0,,d,31,3,0,,,,,,,,,,m,31,3,0,,r,31,3,16
d,32,4,0,,d,32,4,0,,,,,,,,,,m,32,4,0,,r,32,4,21
d,33,5,0,,d,33,5,0,,,,,,,,,,m,33,5,0,,r,33,5,26
d,34,2,0,,d,34,2,0,,,,,,,,,,m,34,2,0,,r,34,2,45
d,35,3,0,,d,35,3,0,,,,,,,,,,m,35,3,0,,r,35,3,43
d,36,4,0,,d,36,4,0,,,,,,,,,,m,36,4,0,,r,36,4,55
d,37,1,0,,d,37,1,0,,,,,,,,,,m,37,1,0,,r,37,1,70
d,38,2,0,,d,38,2,0,,,,,,,,,,m,38,2,2,,r,38,2,113
d,39,3,2,,d,39,3,2,,,,,,,,,,m,39,3,0,,r,39,3,109
d,40,2,0,,d,40,2,0,,,,,,,,,,m,40,2,1,,r,40,2,261
d,41,3,0,,d,41,3,0,,,,,,,,,,m,41,3,2,,r,41,3,223
d,42,4,2,,d,42,4,2,,,,,,,,,,m,42,4,1,,r,42,4,234
d,43,5,1,,d,43,5,1,,,,,,,,,,m,43,5,1,,r,43,5,291
d,44,2,1,,d,44,2,1,,,,,,,,,,m,44,2,3,,r,44,2,494
d,45,3,0,,d,45,3,0,,,,,,,,,,m,45,3,1,,r,45,3,464
d,46,2,0,,d,46,2,0,,,,,,,,,,m,46,2,1,,r,46,2,679
d,47,3,1,,d,47,3,1,,,,,,,,,,m,47,3,1,,r,47,3,730
d,48,4,0,,d,48,4,0,,,,,,,,,,m,48,4,1,,r,48,4,934
d,49,5,1,,d,49,5,1,,,,,,,,,,m,49,5,1,,r,49,5,1183
d,50,6,1,,d,50,6,1,,,,,,,,,,m,50,6,1,,,,,
d,51,3,1,,d,51,3,1,,,,,,,,,,m,51,3,1,,,,,
d,52,1,2,,d,52,1,2,,,,,,,,,,m,52,1,3,,,,,
d,53,2,2,,d,53,2,2,,,,,,,,,,m,53,2,2,,,,,
d,54,2,2,,d,54,2,2,,,,,,,,,,m,54,2,1,,,,,
d,55,3,1,,d,55,3,1,,,,,,,,,,m,55,3,1,,,,,
d,56,4,1,,d,56,4,1,,,,,,,,,,m,56,4,1,,,,,
d,57,3,1,,d,57,3,1,,,,,,,,,,m,57,3,1,,,,,
d,58,4,1,,d,58,4,1,,,,,,,,,,m,58,4,1,,,,,
d,59,2,1,,d,59,2,1,,,,,,,,,,m,59,2,2,,,,,
d,60,2,1,,d,60,2,1,,,,,,,,,,m,60,2,2,,,,,
d,61,3,1,,d,61,3,1,,,,,,,,,,m,61,3,2,,,,,
d,62,4,1,,d,62,4,1,,,,,,,,,,m,62,4,2,,,,,
d,63,3,1,,d,63,3,1,,,,,,,,,,m,63,3,2,,,,,
d,64,4,1,,d,64,4,1,,,,,,,,,,m,64,4,2,,,,,
d,65,5,1,,d,65,5,1,,,,,,,,,,m,65,5,2,,,,,
d,66,3,1,,d,66,3,1,,,,,,,,,,m,66,3,2,,,,,
d,67,3,1,,d,67,3,1,,,,,,,,,,m,67,3,2,,,,,
d,68,4,1,,d,68,4,1,,,,,,,,,,m,68,4,2,,,,,
d,69,2,1,,d,69,2,1,,,,,,,,,,m,69,2,2,,,,,
d,70,3,1,,d,70,3,1,,,,,,,,,,m,70,3,2,,,,,
d,71,3,1,,d,71,3,1,,,,,,,,,,m,71,3,2,,,,,
d,72,4,1,,d,72,4,1,,,,,,,,,,m,72,4,2,,,,,
d,73,4,1,,d,73,4,1,,,,,,,,,,m,73,4,2,,,,,
d,74,2,1,,d,74,2,1,,,,,,,,,,m,74,2,2,,,,,
d,75,2,1,,d,75,2,1,,,,,,,,,,m,75,2,2,,,,,
d,76,3,1,,d,76,3,1,,,,,,,,,,m,76,3,2,,,,,
d,77,3,1,,d,77,3,1,,,,,,,,,,m,77,3,2,,,,,
d,78,4,1,,d,78,4,1,,,,,,,,,,m,78,4,2,,,,,
d,79,5,1,,d,79,5,1,,,,,,,,,,m,79,5,3,,,,,
d,80,4,1,,d,80,4,1,,,,,,,,,,m,80,4,2,,,,,
d,81,3,1,,d,81,3,1,,,,,,,,,,m,81,3,2,,,,,
d,82,3,1,,d,82,3,1,,,,,,,,,,m,82,3,3,,,,,
d,83,3,1,,d,83,3,1,,,,,,,,,,m,83,3,3,,,,,
d,84,4,2,,d,84,4,2,,,,,,,,,,m,84,4,2,,,,,
d,85,5,1,,d,85,5,1,,,,,,,,,,m,85,5,3,,,,,
d,86,3,2,,d,86,3,2,,,,,,,,,,m,86,3,3,,,,,
d,87,4,1,,d,87,4,1,,,,,,,,,,m,87,4,3,,,,,
d,88,4,2,,d,88,4,2,,,,,,,,,,m,88,4,3,,,,,
d,89,2,2,,d,89,2,2,,,,,,,,,,m,89,2,3,,,,,
d,90,3,2,,d,90,3,2,,,,,,,,,,m,90,3,3,,,,,
d,91,3,2,,d,91,3,2,,,,,,,,,,m,91,3,3,,,,,
d,92,3,2,,d,92,3,2,,,,,,,,,,m,92,3,3,,,,,
d,93,4,2,,d,93,4,2,,,,,,,,,,m,93,4,3,,,,,
d,94,4,2,,d,94,4,2,,,,,,,,,,m,94,4,3,,,,,
d,95,5,2,,d,95,5,2,,,,,,,,,,m,95,5,3,,,,,
d,96,3,2,,d,96,3,2,,,,,,,,,,m,96,3,3,,,,,
d,97,3,2,,d,97,3,2,,,,,,,,,,m,97,3,3,,,,,
d,98,3,2,,d,98,3,2,,,,,,,,,,m,98,3,3,,,,,
d,99,4,2,,d,99,4,2,,,,,,,,,,m,99,4,3,,,,,
d,100,4,2,,d,100,4,2,,,,,,,,,,m,100,4,4,,,,,
d,101,5,2,,d,101,5,2,,,,,,,,,,m,101,5,4,,,,,
d,102,6,2,,d,102,6,2,,,,,,,,,,m,102,6,4,,,,,
d,103,4,2,,d,103,4,2,,,,,,,,,,m,103,4,4,,,,,
d,104,2,2,,d,104,2,2,,,,,,,,,,m,104,2,4,,,,,
d,105,3,2,,d,105,3,2,,,,,,,,,,m,105,3,4,,,,,
d,106,3,2,,d,106,3,2,,,,,,,,,,m,106,3,4,,,,,
d,107,4,3,,d,107,4,3,,,,,,,,,,m,107,4,4,,,,,
d,108,4,2,,d,108,4,2,,,,,,,,,,m,108,4,4,,,,,
d,109,4,3,,d,109,4,3,,,,,,,,,,m,109,4,4,,,,,
d,110,5,3,,d,110,5,3,,,,,,,,,,m,110,5,4,,,,,
d,111,3,2,,d,111,3,2,,,,,,,,,,m,111,3,4,,,,,
d,112,3,2,,d,112,3,2,,,,,,,,,,m,112,3,4,,,,,
d,113,4,3,,d,113,4,3,,,,,,,,,,m,113,4,4,,,,,
d,114,4,3,,d,114,4,3,,,,,,,,,,m,114,4,4,,,,,
d,115,4,3,,d,115,4,3,,,,,,,,,,m,115,4,4,,,,,
d,116,5,3,,d,116,5,3,,,,,,,,,,m,116,5,4,,,,,
d,117,5,3,,d,117,5,3,,,,,,,,,,m,117,5,4,,,,,
d,118,4,3,,d,118,4,3,,,,,,,,,,m,118,4,5,,,,,
d,119,4,3,,d,119,4,3,,,,,,,,,,m,119,4,5,,,,,
d,120,4,3,,d,120,4,3,,,,,,,,,,m,120,4,5,,,,,
d,121,3,3,,d,121,3,3,,,,,,,,,,m,121,3,5,,,,,
d,122,4,3,,d,122,4,3,,,,,,,,,,m,122,4,13,,,,,
d,123,4,3,,d,123,4,3,,,,,,,,,,m,123,4,5,,,,,
d,124,5,3,,d,124,5,3,,,,,,,,,,m,124,5,5,,,,,
d,125,5,3,,d,125,5,3,,,,,,,,,,m,125,5,5,,,,,
d,126,3,3,,d,126,3,3,,,,,,,,,,m,126,3,5,,,,,
d,127,3,3,,d,127,3,3,,,,,,,,,,m,127,3,5,,,,,
d,128,4,3,,d,128,4,3,,,,,,,,,,m,128,4,5,,,,,
d,129,4,3,,d,129,4,3,,,,,,,,,,m,129,4,5,,,,,
d,130,5,3,,d,130,5,3,,,,,,,,,,m,130,5,5,,,,,
d,131,5,3,,d,131,5,3,,,,,,,,,,m,131,5,5,,,,,
d,132,5,3,,d,132,5,3,,,,,,,,,,m,132,5,5,,,,,
d,133,4,3,,d,133,4,3,,,,,,,,,,m,133,4,5,,,,,
d,134,4,3,,d,134,4,3,,,,,,,,,,m,134,4,5,,,,,
d,135,4,3,,d,135,4,3,,,,,,,,,,m,135,4,5,,,,,
d,136,5,3,,d,136,5,3,,,,,,,,,,m,136,5,5,,,,,
d,137,5,3,,d,137,5,3,,,,,,,,,,m,137,5,5,,,,,
d,138,4,3,,d,138,4,3,,,,,,,,,,m,138,4,5,,,,,
d,139,5,3,,d,139,5,3,,,,,,,,,,m,139,5,5,,,,,
d,140,5,3,,d,140,5,3,,,,,,,,,,m,140,5,5,,,,,
d,141,3,4,,d,141,3,4,,,,,,,,,,m,141,3,5,,,,,
d,142,4,4,,d,142,4,4,,,,,,,,,,m,142,4,6,,,,,
d,143,4,4,,d,143,4,4,,,,,,,,,,m,143,4,6,,,,,
d,144,4,4,,d,144,4,4,,,,,,,,,,m,144,4,6,,,,,
d,145,5,4,,d,145,5,4,,,,,,,,,,m,145,5,6,,,,,
d,146,5,4,,d,146,5,4,,,,,,,,,,m,146,5,6,,,,,
d,147,6,4,,d,147,6,4,,,,,,,,,,m,147,6,6,,,,,
d,148,4,4,,d,148,4,4,,,,,,,,,,m,148,4,6,,,,,
d,149,4,4,,d,149,4,4,,,,,,,,,,m,149,4,6,,,,,
d,150,4,4,,d,150,4,4,,,,,,,,,,m,150,4,6,,,,,
d,151,5,4,,d,151,5,4,,,,,,,,,,m,151,5,6,,,,,
d,152,5,4,,d,152,5,4,,,,,,,,,,m,152,5,6,,,,,
d,153,6,4,,d,153,6,4,,,,,,,,,,m,153,6,6,,,,,
d,154,6,4,,d,154,6,4,,,,,,,,,,m,154,6,6,,,,,
d,155,5,4,,d,155,5,4,,,,,,,,,,m,155,5,6,,,,,
d,156,3,4,,d,156,3,4,,,,,,,,,,m,156,3,6,,,,,
d,157,4,4,,d,157,4,4,,,,,,,,,,m,157,4,7,,,,,
d,158,4,4,,d,158,4,4,,,,,,,,,,m,158,4,7,,,,,
d,159,5,4,,d,159,5,4,,,,,,,,,,m,159,5,6,,,,,
d,160,5,4,,d,160,5,4,,,,,,,,,,m,160,5,6,,,,,
d,161,5,5,,d,161,5,5,,,,,,,,,,m,161,5,7,,,,,
d,162,6,4,,d,162,6,4,,,,,,,,,,m,162,6,7,,,,,
d,163,4,4,,d,163,4,4,,,,,,,,,,m,163,4,7,,,,,
d,164,4,5,,d,164,4,5,,,,,,,,,,m,164,4,7,,,,,
d,165,5,4,,d,165,5,4,,,,,,,,,,m,165,5,7,,,,,
d,166,5,4,,d,166,5,4,,,,,,,,,,m,166,5,7,,,,,
d,167,5,5,,d,167,5,5,,,,,,,,,,m,167,5,7,,,,,
d,168,6,5,,d,168,6,5,,,,,,,,,,m,168,6,7,,,,,
d,169,6,5,,d,169,6,5,,,,,,,,,,m,169,6,7,,,,,
d,170,5,5,,d,170,5,5,,,,,,,,,,m,170,5,7,,,,,
d,171,5,5,,d,171,5,5,,,,,,,,,,m,171,5,7,,,,,
d,172,5,5,,d,172,5,5,,,,,,,,,,m,172,5,7,,,,,
d,173,4,5,,d,173,4,5,,,,,,,,,,m,173,4,7,,,,,
d,174,5,5,,d,174,5,5,,,,,,,,,,m,174,5,7,,,,,
d,175,5,5,,d,175,5,5,,,,,,,,,,m,175,5,7,,,,,
d,176,6,5,,d,176,6,5,,,,,,,,,,m,176,6,8,,,,,
d,177,6,5,,d,177,6,5,,,,,,,,,,m,177,6,8,,,,,
d,178,4,5,,d,178,4,5,,,,,,,,,,m,178,4,8,,,,,
d,179,4,5,,d,179,4,5,,,,,,,,,,m,179,4,8,,,,,
d,180,5,5,,d,180,5,5,,,,,,,,,,m,180,5,7,,,,,
d,181,5,5,,d,181,5,5,,,,,,,,,,m,181,5,8,,,,,
d,182,6,5,,d,182,6,5,,,,,,,,,,m,182,6,8,,,,,
d,183,6,5,,d,183,6,5,,,,,,,,,,m,183,6,8,,,,,
d,184,6,5,,d,184,6,5,,,,,,,,,,m,184,6,8,,,,,
d,185,5,5,,d,185,5,5,,,,,,,,,,m,185,5,8,,,,,
d,186,5,5,,d,186,5,5,,,,,,,,,,m,186,5,8,,,,,
d,187,5,5,,d,187,5,5,,,,,,,,,,m,187,5,8,,,,,
d,188,6,5,,d,188,6,5,,,,,,,,,,m,188,6,8,,,,,
d,189,6,5,,d,189,6,5,,,,,,,,,,m,189,6,18,,,,,
d,190,5,5,,d,190,5,5,,,,,,,,,,m,190,5,8,,,,,
d,191,6,5,,d,191,6,5,,,,,,,,,,m,191,6,8,,,,,
d,192,6,5,,d,192,6,5,,,,,,,,,,m,192,6,8,,,,,
d,193,4,5,,d,193,4,5,,,,,,,,,,m,193,4,8,,,,,
d,194,5,5,,d,194,5,5,,,,,,,,,,m,194,5,8,,,,,
d,195,5,6,,d,195,5,6,,,,,,,,,,m,195,5,8,,,,,
d,196,5,6,,d,196,5,6,,,,,,,,,,m,196,5,8,,,,,
d,197,6,5,,d,197,6,5,,,,,,,,,,m,197,6,8,,,,,
d,198,6,6,,d,198,6,6,,,,,,,,,,m,198,6,19,,,,,
d,199,7,5,,d,199,7,5,,,,,,,,,,m,199,7,8,,,,,
d,200,5,6,,d,200,5,6,,,,,,,,,,m,200,5,8,,,,,
d,201,5,5,,d,201,5,5,,,,,,,,,,m,201,5,8,,,,,
d,202,5,6,,d,202,5,6,,,,,,,,,,m,202,5,8,,,,,
d,203,6,6,,d,203,6,6,,,,,,,,,,m,203,6,8,,,,,
d,204,6,6,,d,204,6,6,,,,,,,,,,m,204,6,8,,,,,
d,205,7,6,,d,205,7,6,,,,,,,,,,m,205,7,8,,,,,
d,206,7,6,,d,206,7,6,,,,,,,,,,m,206,7,17,,,,,
d,207,6,6,,d,207,6,6,,,,,,,,,,m,207,6,18,,,,,
d,208,4,6,,d,208,4,6,,,,,,,,,,m,208,4,9,,,,,
d,209,5,6,,d,209,5,6,,,,,,,,,,m,209,5,8,,,,,
d,210,5,14,,d,210,5,14,,,,,,,,,,m,210,5,8,,,,,
d,211,6,6,,d,211,6,6,,,,,,,,,,m,211,6,9,,,,,
d,212,6,6,,d,212,6,6,,,,,,,,,,m,212,6,9,,,,,
d,213,6,6,,d,213,6,6,,,,,,,,,,m,213,6,9,,,,,
d,214,7,6,,d,214,7,6,,,,,,,,,,m,214,7,9,,,,,
d,215,5,6,,d,215,5,6,,,,,,,,,,m,215,5,9,,,,,
d,216,5,6,,d,216,5,6,,,,,,,,,,m,216,5,9,,,,,
d,217,6,6,,d,217,6,6,,,,,,,,,,m,217,6,9,,,,,
d,218,6,6,,d,218,6,6,,,,,,,,,,m,218,6,9,,,,,
d,219,6,6,,d,219,6,6,,,,,,,,,,m,219,6,9,,,,,
d,220,7,6,,d,220,7,6,,,,,,,,,,m,220,7,9,,,,,
d,221,7,6,,d,221,7,6,,,,,,,,,,m,221,7,10,,,,,
d,222,6,6,,d,222,6,6,,,,,,,,,,m,222,6,9,,,,,
d,223,6,6,,d,223,6,6,,,,,,,,,,m,223,6,9,,,,,
d,224,6,7,,d,224,6,7,,,,,,,,,,m,224,6,10,,,,,
d,225,5,7,,d,225,5,7,,,,,,,,,,m,225,5,10,,,,,
d,226,6,6,,d,226,6,6,,,,,,,,,,m,226,6,10,,,,,
d,227,6,7,,d,227,6,7,,,,,,,,,,m,227,6,10,,,,,
d,228,7,7,,d,228,7,7,,,,,,,,,,m,228,7,12,,,,,
d,229,7,7,,d,229,7,7,,,,,,,,,,m,229,7,10,,,,,
d,230,5,7,,d,230,5,7,,,,,,,,,,m,230,5,10,,,,,
d,231,5,7,,d,231,5,7,,,,,,,,,,m,231,5,10,,,,,
d,232,6,6,,d,232,6,6,,,,,,,,,,m,232,6,10,,,,,
d,233,6,6,,d,233,6,6,,,,,,,,,,m,233,6,10,,,,,
d,234,7,7,,d,234,7,7,,,,,,,,,,m,234,7,10,,,,,
d,235,7,7,,d,235,7,7,,,,,,,,,,m,235,7,10,,,,,
d,236,7,6,,d,236,7,6,,,,,,,,,,m,236,7,10,,,,,
d,237,6,7,,d,237,6,7,,,,,,,,,,m,237,6,10,,,,,
d,238,6,7,,d,238,6,7,,,,,,,,,,m,238,6,10,,,,,
d,239,6,7,,d,239,6,7,,,,,,,,,,m,239,6,10,,,,,
d,240,7,7,,d,240,7,7,,,,,,,,,,m,240,7,10,,,,,
d,241,7,7,,d,241,7,7,,,,,,,,,,m,241,7,10,,,,,
d,242,6,7,,d,242,6,7,,,,,,,,,,m,242,6,10,,,,,
d,243,7,7,,d,243,7,7,,,,,,,,,,m,243,7,10,,,,,
d,244,7,7,,d,244,7,7,,,,,,,,,,m,244,7,10,,,,,
d,245,5,8,,d,245,5,8,,,,,,,,,,m,245,5,10,,,,,
d,246,6,7,,d,246,6,7,,,,,,,,,,m,246,6,10,,,,,
d,247,6,7,,d,247,6,7,,,,,,,,,,m,247,6,11,,,,,
d,248,6,7,,d,248,6,7,,,,,,,,,,m,248,6,11,,,,,
d,249,7,7,,d,249,7,7,,,,,,,,,,m,249,7,10,,,,,
d,250,7,8,,d,250,7,8,,,,,,,,,,m,250,7,10,,,,,
d,251,8,7,,d,251,8,7,,,,,,,,,,m,251,8,11,,,,,
d,252,9,8,,d,252,9,8,,,,,,,,,,,,,,,,,,
d,253,10,8,,d,253,10,8,,,,,,,,,,,,,,,,,,
d,254,11,7,,d,254,11,7,,,,,,,,,,,,,,,,,,
d,255,12,16,,d,255,12,16,,,,,,,,,,,,,,,,,,
d,256,13,8,,d,256,13,8,,,,,,,,,,,,,,,,,,
d,257,14,8,,d,257,14,8,,,,,,,,,,,,,,,,,,
d,258,15,8,,d,258,15,8,,,,,,,,,,,,,,,,,,
d,259,16,8,,d,259,16,8,,,,,,,,,,,,,,,,,,
d,260,17,8,,d,260,17,8,,,,,,,,,,,,,,,,,,
d,261,18,8,,d,261,18,8,,,,,,,,,,,,,,,,,,
d,262,6,8,,d,262,6,8,,,,,,,,,,,,,,,,,,
d,263,7,8,,d,263,7,8,,,,,,,,,,,,,,,,,,
d,264,15,8,,d,264,15,8,,,,,,,,,,,,,,,,,,
d,265,16,8,,d,265,16,8,,,,,,,,,,,,,,,,,,
d,266,17,8,,d,266,17,8,,,,,,,,,,,,,,,,,,
d,267,18,8,,d,267,18,8,,,,,,,,,,,,,,,,,,
d,268,9,8,,d,268,9,8,,,,,,,,,,,,,,,,,,
d,269,10,8,,d,269,10,8,,,,,,,,,,,,,,,,,,
d,270,11,8,,d,270,11,8,,,,,,,,,,,,,,,,,,
d,271,16,8,,d,271,16,8,,,,,,,,,,,,,,,,,,
d,272,17,8,,d,272,17,8,,,,,,,,,,,,,,,,,,
d,273,18,8,,d,273,18,8,,,,,,,,,,,,,,,,,,
d,274,15,8,,d,274,15,8,,,,,,,,,,,,,,,,,,
d,275,16,8,,d,275,16,8,,,,,,,,,,,,,,,,,,
d,276,17,8,,d,276,17,8,,,,,,,,,,,,,,,,,,
d,277,18,8,,d,277,18,8,,,,,,,,,,,,,,,,,,
d,278,17,8,,d,278,17,8,,,,,,,,,,,,,,,,,,
d,279,18,8,,d,279,18,8,,,,,,,,,,,,,,,,,,
d,280,15,8,,d,280,15,8,,,,,,,,,,,,,,,,,,
d,281,16,8,,d,281,16,8,,,,,,,,,,,,,,,,,,
d,282,17,8,,d,282,17,8,,,,,,,,,,,,,,,,,,
d,283,18,9,,d,283,18,9,,,,,,,,,,,,,,,,,,
d,284,19,9,,d,284,19,9,,,,,,,,,,,,,,,,,,
d,285,10,8,,d,285,10,8,,,,,,,,,,,,,,,,,,
d,286,11,8,,d,286,11,8,,,,,,,,,,,,,,,,,,
d,287,16,9,,d,287,16,9,,,,,,,,,,,,,,,,,,
d,288,9,9,,d,288,9,9,,,,,,,,,,,,,,,,,,
d,289,10,9,,d,289,10,9,,,,,,,,,,,,,,,,,,
d,290,11,8,,d,290,11,8,,,,,,,,,,,,,,,,,,
d,291,16,8,,d,291,16,8,,,,,,,,,,,,,,,,,,
d,292,17,8,,d,292,17,8,,,,,,,,,,,,,,,,,,
d,293,18,9,,d,293,18,9,,,,,,,,,,,,,,,,,,
d,294,15,8,,d,294,15,8,,,,,,,,,,,,,,,,,,
d,295,16,8,,d,295,16,8,,,,,,,,,,,,,,,,,,
d,296,17,8,,d,296,17,8,,,,,,,,,,,,,,,,,,
d,297,16,10,,d,297,16,10,,,,,,,,,,,,,,,,,,
d,298,17,8,,d,298,17,8,,,,,,,,,,,,,,,,,,
d,299,18,9,,d,299,18,9,,,,,,,,,,,,,,,,,,
d,300,19,9,,d,300,19,9,,,,,,,,,,,,,,,,,,
d,301,16,9,,d,301,16,9,,,,,,,,,,,,,,,,,,
d,302,17,9,,d,302,17,9,,,,,,,,,,,,,,,,,,
d,303,9,8,,d,303,9,8,,,,,,,,,,,,,,,,,,
d,304,10,9,,d,304,10,9,,,,,,,,,,,,,,,,,,
d,305,10,9,,d,305,10,9,,,,,,,,,,,,,,,,,,
d,306,11,9,,d,306,11,9,,,,,,,,,,,,,,,,,,
d,307,12,9,,d,307,12,9,,,,,,,,,,,,,,,,,,
d,308,17,9,,d,308,17,9,,,,,,,,,,,,,,,,,,
d,309,15,9,,d,309,15,9,,,,,,,,,,,,,,,,,,
d,310,16,9,,d,310,16,9,,,,,,,,,,,,,,,,,,
d,311,16,9,,d,311,16,9,,,,,,,,,,,,,,,,,,
d,312,17,9,,d,312,17,9,,,,,,,,,,,,,,,,,,
d,313,18,9,,d,313,18,9,,,,,,,,,,,,,,,,,,
d,314,17,9,,d,314,17,9,,,,,,,,,,,,,,,,,,
d,315,18,9,,d,315,18,9,,,,,,,,,,,,,,,,,,
d,316,16,9,,d,316,16,9,,,,,,,,,,,,,,,,,,
d,317,16,9,,d,317,16,9,,,,,,,,,,,,,,,,,,
d,318,17,20,,d,318,17,20,,,,,,,,,,,,,,,,,,
d,319,18,9,,d,319,18,9,,,,,,,,,,,,,,,,,,
d,320,10,9,,d,320,10,9,,,,,,,,,,,,,,,,,,
d,321,11,9,,d,321,11,9,,,,,,,,,,,,,,,,,,
d,322,11,9,,d,322,11,9,,,,,,,,,,,,,,,,,,
d,323,17,9,,d,323,17,9,,,,,,,,,,,,,,,,,,
d,324,17,10,,d,324,17,10,,,,,,,,,,,,,,,,,,
d,325,10,10,,d,325,10,10,,,,,,,,,,,,,,,,,,
d,326,16,10,,d,326,16,10,,,,,,,,,,,,,,,,,,
d,327,17,10,,d,327,17,10,,,,,,,,,,,,,,,,,,
d,328,17,9,,d,328,17,9,,,,,,,,,,,,,,,,,,
d,329,18,10,,d,329,18,10,,,,,,,,,,,,,,,,,,
d,330,18,10,,d,330,18,10,,,,,,,,,,,,,,,,,,
d,331,16,10,,d,331,16,10,,,,,,,,,,,,,,,,,,
d,332,16,10,,d,332,16,10,,,,,,,,,,,,,,,,,,
d,333,17,11,,d,333,17,11,,,,,,,,,,,,,,,,,,
d,334,17,10,,d,334,17,10,,,,,,,,,,,,,,,,,,
d,335,18,10,,d,335,18,10,,,,,,,,,,,,,,,,,,
d,336,19,10,,d,336,19,10,,,,,,,,,,,,,,,,,,
d,337,11,10,,d,337,11,10,,,,,,,,,,,,,,,,,,
d,338,17,10,,d,338,17,10,,,,,,,,,,,,,,,,,,
d,339,17,10,,d,339,17,10,,,,,,,,,,,,,,,,,,
d,340,10,10,,d,340,10,10,,,,,,,,,,,,,,,,,,
d,341,11,10,,d,341,11,10,,,,,,,,,,,,,,,,,,
d,342,11,11,,d,342,11,11,,,,,,,,,,,,,,,,,,
d,343,17,11,,d,343,17,11,,,,,,,,,,,,,,,,,,
d,344,18,10,,d,344,18,10,,,,,,,,,,,,,,,,,,
d,345,18,10,,d,345,18,10,,,,,,,,,,,,,,,,,,
d,346,16,10,,d,346,16,10,,,,,,,,,,,,,,,,,,
d,347,17,10,,d,347,17,10,,,,,,,,,,,,,,,,,,
d,348,17,10,,d,348,17,10,,,,,,,,,,,,,,,,,,
d,349,17,10,,d,349,17,10,,,,,,,,,,,,,,,,,,
d,350,18,10,,d,350,18,10,,,,,,,,,,,,,,,,,,
d,351,18,11,,d,351,18,11,,,,,,,,,,,,,,,,,,
d,352,19,10,,d,352,19,10,,,,,,,,,,,,,,,,,,
d,353,17,11,,d,353,17,11,,,,,,,,,,,,,,,,,,
d,354,17,11,,d,354,17,11,,,,,,,,,,,,,,,,,,
d,355,10,10,,d,355,10,10,,,,,,,,,,,,,,,,,,
d,356,11,10,,d,356,11,10,,,,,,,,,,,,,,,,,,
d,357,11,11,,d,357,11,11,,,,,,,,,,,,,,,,,,
d,358,12,11,,d,358,12,11,,,,,,,,,,,,,,,,,,
d,359,12,10,,d,359,12,10,,,,,,,,,,,,,,,,,,
d,360,18,11,,d,360,18,11,,,,,,,,,,,,,,,,,,
d,361,16,11,,d,361,16,11,,,,,,,,,,,,,,,,,,
d,362,17,11,,d,362,17,11,,,,,,,,,,,,,,,,,,
d,363,17,11,,d,363,17,11,,,,,,,,,,,,,,,,,,
d,364,18,11,,d,364,18,11,,,,,,,,,,,,,,,,,,
d,365,18,11,,d,365,18,11,,,,,,,,,,,,,,,,,,
d,366,18,11,,d,366,18,11,,,,,,,,,,,,,,,,,,
d,367,19,11,,d,367,19,11,,,,,,,,,,,,,,,,,,
d,368,17,11,,d,368,17,11,,,,,,,,,,,,,,,,,,
d,369,17,11,,d,369,17,11,,,,,,,,,,,,,,,,,,
d,370,18,11,,d,370,18,11,,,,,,,,,,,,,,,,,,
d,371,18,11,,d,371,18,11,,,,,,,,,,,,,,,,,,
d,372,11,11,,d,372,11,11,,,,,,,,,,,,,,,,,,
d,373,12,11,,d,373,12,11,,,,,,,,,,,,,,,,,,
d,374,12,11,,d,374,12,11,,,,,,,,,,,,,,,,,,
d,375,18,11,,d,375,18,11,,,,,,,,,,,,,,,,,,
d,376,18,11,,d,376,18,11,,,,,,,,,,,,,,,,,,
d,377,11,11,,d,377,11,11,,,,,,,,,,,,,,,,,,
d,378,17,11,,d,378,17,11,,,,,,,,,,,,,,,,,,
d,379,18,12,,d,379,18,12,,,,,,,,,,,,,,,,,,
d,380,18,11,,d,380,18,11,,,,,,,,,,,,,,,,,,
d,381,19,12,,d,381,19,12,,,,,,,,,,,,,,,,,,
d,382,19,11,,d,382,19,11,,,,,,,,,,,,,,,,,,
d,383,17,12,,d,383,17,12,,,,,,,,,,,,,,,,,,
d,384,17,11,,d,384,17,11,,,,,,,,,,,,,,,,,,
d,385,18,12,,d,385,18,12,,,,,,,,,,,,,,,,,,
d,386,18,12,,d,386,18,12,,,,,,,,,,,,,,,,,,
d,387,19,12,,d,387,19,12,,,,,,,,,,,,,,,,,,
d,388,19,12,,d,388,19,12,,,,,,,,,,,,,,,,,,
d,389,12,11,,d,389,12,11,,,,,,,,,,,,,,,,,,
d,390,18,12,,d,390,18,12,,,,,,,,,,,,,,,,,,
d,391,18,12,,d,391,18,12,,,,,,,,,,,,,,,,,,
d,392,11,12,,d,392,11,12,,,,,,,,,,,,,,,,,,
d,393,12,12,,d,393,12,12,,,,,,,,,,,,,,,,,,
d,394,12,12,,d,394,12,12,,,,,,,,,,,,,,,,,,
d,395,18,12,,d,395,18,12,,,,,,,,,,,,,,,,,,
d,396,19,12,,d,396,19,12,,,,,,,,,,,,,,,,,,
d,397,19,12,,d,397,19,12,,,,,,,,,,,,,,,,,,
d,398,17,13,,d,398,17,13,,,,,,,,,,,,,,,,,,
d,399,18,12,,d,399,18,12,,,,,,,,,,,,,,,,,,
d,400,18,12,,d,400,18,12,,,,,,,,,,,,,,,,,,
d,401,18,12,,d,401,18,12,,,,,,,,,,,,,,,,,,
d,402,19,12,,d,402,19,12,,,,,,,,,,,,,,,,,,
d,403,19,12,,d,403,19,12,,,,,,,,,,,,,,,,,,
d,404,20,12,,d,404,20,12,,,,,,,,,,,,,,,,,,
d,405,21,12,,d,405,21,12,,,,,,,,,,,,,,,,,,
d,406,22,12,,d,406,22,12,,,,,,,,,,,,,,,,,,
d,407,23,13,,d,407,23,13,,,,,,,,,,,,,,,,,,
d,408,24,12,,d,408,24,12,,,,,,,,,,,,,,,,,,
d,409,12,12,,d,409,12,12,,,,,,,,,,,,,,,,,,
d,410,13,13,,d,410,13,13,,,,,,,,,,,,,,,,,,
d,411,21,13,,d,411,21,13,,,,,,,,,,,,,,,,,,
d,412,22,13,,d,412,22,13,,,,,,,,,,,,,,,,,,
d,413,23,13,,d,413,23,13,,,,,,,,,,,,,,,,,,
d,414,24,13,,d,414,24,13,,,,,,,,,,,,,,,,,,
d,415,18,13,,d,415,18,13,,,,,,,,,,,,,,,,,,
d,416,19,13,,d,416,19,13,,,,,,,,,,,,,,,,,,
d,417,19,13,,d,417,19,13,,,,,,,,,,,,,,,,,,
d,418,22,13,,d,418,22,13,,,,,,,,,,,,,,,,,,
d,419,23,13,,d,419,23,13,,,,,,,,,,,,,,,,,,
d,420,24,13,,d,420,24,13,,,,,,,,,,,,,,,,,,
d,421,21,13,,d,421,21,13,,,,,,,,,,,,,,,,,,
d,422,22,13,,d,422,22,13,,,,,,,,,,,,,,,,,,
d,423,23,13,,d,423,23,13,,,,,,,,,,,,,,,,,,
d,424,24,13,,d,424,24,13,,,,,,,,,,,,,,,,,,
d,425,23,13,,d,425,23,13,,,,,,,,,,,,,,,,,,
d,426,24,13,,d,426,24,13,,,,,,,,,,,,,,,,,,
d,427,21,13,,d,427,21,13,,,,,,,,,,,,,,,,,,
d,428,22,13,,d,428,22,13,,,,,,,,,,,,,,,,,,
d,429,23,13,,d,429,23,13,,,,,,,,,,,,,,,,,,
d,430,24,13,,d,430,24,13,,,,,,,,,,,,,,,,,,
d,431,25,13,,d,431,25,13,,,,,,,,,,,,,,,,,,
d,432,24,13,,d,432,24,13,,,,,,,,,,,,,,,,,,
d,433,25,13,,d,433,25,13,,,,,,,,,,,,,,,,,,
d,434,22,13,,d,434,22,13,,,,,,,,,,,,,,,,,,
d,435,23,13,,d,435,23,13,,,,,,,,,,,,,,,,,,
d,436,24,13,,d,436,24,13,,,,,,,,,,,,,,,,,,
d,437,25,13,,d,437,25,13,,,,,,,,,,,,,,,,,,
d,438,22,14,,d,438,22,14,,,,,,,,,,,,,,,,,,
d,439,23,13,,d,439,23,13,,,,,,,,,,,,,,,,,,
d,440,24,14,,d,440,24,14,,,,,,,,,,,,,,,,,,
d,441,21,13,,d,441,21,13,,,,,,,,,,,,,,,,,,
d,442,22,13,,d,442,22,13,,,,,,,,,,,,,,,,,,
d,443,23,14,,d,443,23,14,,,,,,,,,,,,,,,,,,
d,444,22,13,,d,444,22,13,,,,,,,,,,,,,,,,,,
d,445,23,13,,d,445,23,13,,,,,,,,,,,,,,,,,,
d,446,24,15,,d,446,24,15,,,,,,,,,,,,,,,,,,
d,447,25,14,,d,447,25,14,,,,,,,,,,,,,,,,,,
d,448,22,14,,d,448,22,14,,,,,,,,,,,,,,,,,,
d,449,23,13,,d,449,23,13,,,,,,,,,,,,,,,,,,
d,450,22,14,,d,450,22,14,,,,,,,,,,,,,,,,,,
d,451,23,14,,d,451,23,14,,,,,,,,,,,,,,,,,,
d,452,24,14,,d,452,24,14,,,,,,,,,,,,,,,,,,
d,453,25,15,,d,453,25,15,,,,,,,,,,,,,,,,,,
d,454,26,14,,d,454,26,14,,,,,,,,,,,,,,,,,,
d,455,27,14,,d,455,27,14,,,,,,,,,,,,,,,,,,
d,456,21,14,,d,456,21,14,,,,,,,,,,,,,,,,,,
d,457,22,14,,d,457,22,14,,,,,,,,,,,,,,,,,,
d,458,22,14,,d,458,22,14,,,,,,,,,,,,,,,,,,
d,459,23,14,,d,459,23,14,,,,,,,,,,,,,,,,,,
d,460,24,14,,d,460,24,14,,,,,,,,,,,,,,,,,,
d,461,27,14,,d,461,27,14,,,,,,,,,,,,,,,,,,
d,462,28,14,,d,462,28,14,,,,,,,,,,,,,,,,,,
d,463,22,14,,d,463,22,14,,,,,,,,,,,,,,,,,,
d,464,22,14,,d,464,22,14,,,,,,,,,,,,,,,,,,
d,465,23,14,,d,465,23,14,,,,,,,,,,,,,,,,,,
d,466,24,14,,d,466,24,14,,,,,,,,,,,,,,,,,,
d,467,23,14,,d,467,23,14,,,,,,,,,,,,,,,,,,
d,468,28,14,,d,468,28,14,,,,,,,,,,,,,,,,,,
d,469,29,15,,d,469,29,15,,,,,,,,,,,,,,,,,,
d,470,23,14,,d,470,23,14,,,,,,,,,,,,,,,,,,
d,471,27,14,,d,471,27,14,,,,,,,,,,,,,,,,,,
d,472,28,14,,d,472,28,14,,,,,,,,,,,,,,,,,,
d,473,22,16,,d,473,22,16,,,,,,,,,,,,,,,,,,
d,474,23,15,,d,474,23,15,,,,,,,,,,,,,,,,,,
d,475,29,15,,d,475,29,15,,,,,,,,,,,,,,,,,,
d,476,30,15,,d,476,30,15,,,,,,,,,,,,,,,,,,
d,477,27,26,,d,477,27,26,,,,,,,,,,,,,,,,,,
d,478,28,15,,d,478,28,15,,,,,,,,,,,,,,,,,,
d,479,22,15,,d,479,22,15,,,,,,,,,,,,,,,,,,
d,480,23,15,,d,480,23,15,,,,,,,,,,,,,,,,,,
d,481,23,15,,d,481,23,15,,,,,,,,,,,,,,,,,,
d,482,24,16,,d,482,24,16,,,,,,,,,,,,,,,,,,
d,483,25,15,,d,483,25,15,,,,,,,,,,,,,,,,,,
d,484,28,15,,d,484,28,15,,,,,,,,,,,,,,,,,,
d,485,29,25,,d,485,29,25,,,,,,,,,,,,,,,,,,
d,486,23,15,,d,486,23,15,,,,,,,,,,,,,,,,,,
d,487,23,16,,d,487,23,16,,,,,,,,,,,,,,,,,,
d,488,28,16,,d,488,28,16,,,,,,,,,,,,,,,,,,
d,489,29,16,,d,489,29,16,,,,,,,,,,,,,,,,,,
d,490,23,16,,d,490,23,16,,,,,,,,,,,,,,,,,,
d,491,27,16,,d,491,27,16,,,,,,,,,,,,,,,,,,
d,492,28,16,,d,492,28,16,,,,,,,,,,,,,,,,,,
d,493,22,16,,d,493,22,16,,,,,,,,,,,,,,,,,,
d,494,28,16,,d,494,28,16,,,,,,,,,,,,,,,,,,
d,495,29,16,,d,495,29,16,,,,,,,,,,,,,,,,,,
d,496,23,16,,d,496,23,16,,,,,,,,,,,,,,,,,,
d,497,24,16,,d,497,24,16,,,,,,,,,,,,,,,,,,
d,498,28,16,,d,498,28,16,,,,,,,,,,,,,,,,,,
d,499,29,16,,d,499,29,16,,,,,,,,,,,,,,,,,,
d,500,28,16,,d,500,28,16,,,,,,,,,,,,,,,,,,
d,501,29,16,,d,501,29,16,,,,,,,,,,,,,,,,,,
d,502,23,15,,d,502,23,15,,,,,,,,,,,,,,,,,,
d,503,24,16,,d,503,24,16,,,,,,,,,,,,,,,,,,
d,504,24,16,,d,504,24,16,,,,,,,,,,,,,,,,,,
d,505,29,16,,d,505,29,16,,,,,,,,,,,,,,,,,,
d,506,27,16,,d,506,27,16,,,,,,,,,,,,,,,,,,
d,507,28,16,,d,507,28,16,,,,,,,,,,,,,,,,,,
d,508,28,16,,d,508,28,16,,,,,,,,,,,,,,,,,,
d,509,29,17,,d,509,29,17,,,,,,,,,,,,,,,,,,
d,510,23,17,,d,510,23,17,,,,,,,,,,,,,,,,,,
d,511,29,16,,d,511,29,16,,,,,,,,,,,,,,,,,,
d,512,30,16,,d,512,30,16,,,,,,,,,,,,,,,,,,
d,513,28,16,,d,513,28,16,,,,,,,,,,,,,,,,,,
d,514,28,16,,d,514,28,16,,,,,,,,,,,,,,,,,,
d,515,29,16,,d,515,29,16,,,,,,,,,,,,,,,,,,
d,516,23,16,,d,516,23,16,,,,,,,,,,,,,,,,,,
d,517,29,16,,d,517,29,16,,,,,,,,,,,,,,,,,,
d,518,30,16,,d,518,30,16,,,,,,,,,,,,,,,,,,
d,519,24,16,,d,519,24,16,,,,,,,,,,,,,,,,,,
d,520,29,16,,d,520,29,16,,,,,,,,,,,,,,,,,,
d,521,29,17,,d,521,29,17,,,,,,,,,,,,,,,,,,
d,522,30,17,,d,522,30,17,,,,,,,,,,,,,,,,,,
d,523,28,16,,d,523,28,16,,,,,,,,,,,,,,,,,,
d,524,29,31,,d,524,29,31,,,,,,,,,,,,,,,,,,
d,525,29,17,,d,525,29,17,,,,,,,,,,,,,,,,,,
d,526,30,17,,d,526,30,17,,,,,,,,,,,,,,,,,,
d,527,30,17,,d,527,30,17,,,,,,,,,,,,,,,,,,
d,528,28,17,,d,528,28,17,,,,,,,,,,,,,,,,,,
d,529,28,17,,d,529,28,17,,,,,,,,,,,,,,,,,,
d,530,29,17,,d,530,29,17,,,,,,,,,,,,,,,,,,
d,531,29,16,,d,531,29,16,,,,,,,,,,,,,,,,,,
d,532,30,17,,d,532,30,17,,,,,,,,,,,,,,,,,,
d,533,24,17,,d,533,24,17,,,,,,,,,,,,,,,,,,
d,534,30,17,,d,534,30,17,,,,,,,,,,,,,,,,,,
d,535,29,17,,d,535,29,17,,,,,,,,,,,,,,,,,,
d,536,29,17,,d,536,29,17,,,,,,,,,,,,,,,,,,
d,537,29,17,,d,537,29,17,,,,,,,,,,,,,,,,,,
d,538,30,17,,d,538,30,17,,,,,,,,,,,,,,,,,,
d,539,24,17,,d,539,24,17,,,,,,,,,,,,,,,,,,
d,540,29,17,,d,540,29,17,,,,,,,,,,,,,,,,,,
d,541,30,17,,d,541,30,17,,,,,,,,,,,,,,,,,,
d,542,30,17,,d,542,30,17,,,,,,,,,,,,,,,,,,
d,543,28,17,,d,543,28,17,,,,,,,,,,,,,,,,,,
d,544,29,17,,d,544,29,17,,,,,,,,,,,,,,,,,,
d,545,29,17,,d,545,29,17,,,,,,,,,,,,,,,,,,
d,546,29,17,,d,546,29,17,,,,,,,,,,,,,,,,,,
d,547,30,17,,d,547,30,17,,,,,,,,,,,,,,,,,,
d,548,30,17,,d,548,30,17,,,,,,,,,,,,,,,,,,
d,549,31,17,,d,549,31,17,,,,,,,,,,,,,,,,,,
d,550,29,17,,d,550,29,17,,,,,,,,,,,,,,,,,,
d,551,29,18,,d,551,29,18,,,,,,,,,,,,,,,,,,
d,552,29,17,,d,552,29,17,,,,,,,,,,,,,,,,,,
d,553,30,17,,d,553,30,17,,,,,,,,,,,,,,,,,,
d,554,30,17,,d,554,30,17,,,,,,,,,,,,,,,,,,
d,555,31,17,,d,555,31,17,,,,,,,,,,,,,,,,,,
d,556,25,17,,d,556,25,17,,,,,,,,,,,,,,,,,,
d,557,30,17,,d,557,30,17,,,,,,,,,,,,,,,,,,
d,558,28,18,,d,558,28,18,,,,,,,,,,,,,,,,,,
d,559,29,17,,d,559,29,17,,,,,,,,,,,,,,,,,,
d,560,29,17,,d,560,29,17,,,,,,,,,,,,,,,,,,
d,561,30,18,,d,561,30,18,,,,,,,,,,,,,,,,,,
d,562,30,18,,d,562,30,18,,,,,,,,,,,,,,,,,,
d,563,30,18,,d,563,30,18,,,,,,,,,,,,,,,,,,
d,564,31,17,,d,564,31,17,,,,,,,,,,,,,,,,,,
d,565,29,17,,d,565,29,17,,,,,,,,,,,,,,,,,,
d,566,29,17,,d,566,29,17,,,,,,,,,,,,,,,,,,
d,567,30,17,,d,567,30,17,,,,,,,,,,,,,,,,,,
d,568,30,17,,d,568,30,17,,,,,,,,,,,,,,,,,,
d,569,30,18,,d,569,30,18,,,,,,,,,,,,,,,,,,
d,570,31,17,,d,570,31,17,,,,,,,,,,,,,,,,,,
d,571,31,18,,d,571,31,18,,,,,,,,,,,,,,,,,,
d,572,30,18,,d,572,30,18,,,,,,,,,,,,,,,,,,
d,573,30,18,,d,573,30,18,,,,,,,,,,,,,,,,,,
d,574,30,19,,d,574,30,19,,,,,,,,,,,,,,,,,,
d,575,29,19,,d,575,29,19,,,,,,,,,,,,,,,,,,
d,576,30,18,,d,576,30,18,,,,,,,,,,,,,,,,,,
d,577,30,28,,d,577,30,28,,,,,,,,,,,,,,,,,,
d,578,31,18,,d,578,31,18,,,,,,,,,,,,,,,,,,
d,579,31,18,,d,579,31,18,,,,,,,,,,,,,,,,,,
d,580,29,18,,d,580,29,18,,,,,,,,,,,,,,,,,,
d,581,29,18,,d,581,29,18,,,,,,,,,,,,,,,,,,
d,582,30,18,,d,582,30,18,,,,,,,,,,,,,,,,,,
d,583,30,18,,d,583,30,18,,,,,,,,,,,,,,,,,,
d,584,31,18,,d,584,31,18,,,,,,,,,,,,,,,,,,
d,585,31,18,,d,585,31,18,,,,,,,,,,,,,,,,,,
d,586,31,18,,d,586,31,18,,,,,,,,,,,,,,,,,,
d,587,30,18,,d,587,30,18,,,,,,,,,,,,,,,,,,
d,588,30,18,,d,588,30,18,,,,,,,,,,,,,,,,,,
d,589,30,18,,d,589,30,18,,,,,,,,,,,,,,,,,,
d,590,31,18,,d,590,31,18,,,,,,,,,,,,,,,,,,
d,591,31,39,,d,591,31,39,,,,,,,,,,,,,,,,,,
d,592,30,22,,d,592,30,22,,,,,,,,,,,,,,,,,,
d,593,31,19,,d,593,31,19,,,,,,,,,,,,,,,,,,
d,594,31,18,,d,594,31,18,,,,,,,,,,,,,,,,,,
d,595,29,19,,d,595,29,19,,,,,,,,,,,,,,,,,,
d,596,30,19,,d,596,30,19,,,,,,,,,,,,,,,,,,
d,597,30,19,,d,597,30,19,,,,,,,,,,,,,,,,,,
d,598,30,41,,d,598,30,41,,,,,,,,,,,,,,,,,,
d,599,31,19,,d,599,31,19,,,,,,,,,,,,,,,,,,
d,600,31,20,,d,600,31,20,,,,,,,,,,,,,,,,,,
d,601,32,20,,d,601,32,20,,,,,,,,,,,,,,,,,,
d,602,33,19,,d,602,33,19,,,,,,,,,,,,,,,,,,
d,603,34,19,,d,603,34,19,,,,,,,,,,,,,,,,,,
d,604,35,19,,d,604,35,19,,,,,,,,,,,,,,,,,,
d,605,36,19,,d,605,36,19,,,,,,,,,,,,,,,,,,
d,606,37,19,,d,606,37,19,,,,,,,,,,,,,,,,,,
d,607,38,19,,d,607,38,19,,,,,,,,,,,,,,,,,,
d,608,39,19,,d,608,39,19,,,,,,,,,,,,,,,,,,
d,609,40,19,,d,609,40,19,,,,,,,,,,,,,,,,,,
d,610,41,21,,d,610,41,21,,,,,,,,,,,,,,,,,,
d,611,42,19,,d,611,42,19,,,,,,,,,,,,,,,,,,
d,612,30,19,,d,612,30,19,,,,,,,,,,,,,,,,,,
d,613,31,20,,d,613,31,20,,,,,,,,,,,,,,,,,,
d,614,39,19,,d,614,39,19,,,,,,,,,,,,,,,,,,
d,615,40,19,,d,615,40,19,,,,,,,,,,,,,,,,,,
d,616,41,22,,d,616,41,22,,,,,,,,,,,,,,,,,,
d,617,42,31,,d,617,42,31,,,,,,,,,,,,,,,,,,
d,618,33,20,,d,618,33,20,,,,,,,,,,,,,,,,,,
d,619,34,20,,d,619,34,20,,,,,,,,,,,,,,,,,,
d,620,35,20,,d,620,35,20,,,,,,,,,,,,,,,,,,
d,621,40,19,,d,621,40,19,,,,,,,,,,,,,,,,,,
d,622,41,20,,d,622,41,20,,,,,,,,,,,,,,,,,,
d,623,42,20,,d,623,42,20,,,,,,,,,,,,,,,,,,
d,624,39,20,,d,624,39,20,,,,,,,,,,,,,,,,,,
d,625,40,20,,d,625,40,20,,,,,,,,,,,,,,,,,,
d,626,41,20,,d,626,41,20,,,,,,,,,,,,,,,,,,
d,627,42,20,,d,627,42,20,,,,,,,,,,,,,,,,,,
d,628,41,20,,d,628,41,20,,,,,,,,,,,,,,,,,,
d,629,42,22,,d,629,42,22,,,,,,,,,,,,,,,,,,
d,630,39,19,,d,630,39,19,,,,,,,,,,,,,,,,,,
d,631,40,21,,d,631,40,21,,,,,,,,,,,,,,,,,,
d,632,41,21,,d,632,41,21,,,,,,,,,,,,,,,,,,
d,633,42,20,,d,633,42,20,,,,,,,,,,,,,,,,,,
d,634,43,20,,d,634,43,20,,,,,,,,,,,,,,,,,,
d,635,34,20,,d,635,34,20,,,,,,,,,,,,,,,,,,
d,636,35,20,,d,636,35,20,,,,,,,,,,,,,,,,,,
d,637,40,21,,d,637,40,21,,,,,,,,,,,,,,,,,,
d,638,33,20,,d,638,33,20,,,,,,,,,,,,,,,,,,
d,639,34,20,,d,639,34,20,,,,,,,,,,,,,,,,,,
d,640,35,20,,d,640,35,20,,,,,,,,,,,,,,,,,,
d,641,40,20,,d,641,40,20,,,,,,,,,,,,,,,,,,
d,642,41,20,,d,642,41,20,,,,,,,,,,,,,,,,,,
d,643,42,21,,d,643,42,21,,,,,,,,,,,,,,,,,,
d,644,39,20,,d,644,39,20,,,,,,,,,,,,,,,,,,
d,645,40,20,,d,645,40,20,,,,,,,,,,,,,,,,,,
d,646,41,20,,d,646,41,20,,,,,,,,,,,,,,,,,,
d,647,40,20,,d,647,40,20,,,,,,,,,,,,,,,,,,
d,648,41,20,,d,648,41,20,,,,,,,,,,,,,,,,,,
d,649,42,20,,d,649,42,20,,,,,,,,,,,,,,,,,,
d,650,43,21,,d,650,43,21,,,,,,,,,,,,,,,,,,
d,651,40,20,,d,651,40,20,,,,,,,,,,,,,,,,,,
d,652,41,21,,d,652,41,21,,,,,,,,,,,,,,,,,,
d,653,33,21,,d,653,33,21,,,,,,,,,,,,,,,,,,
d,654,34,21,,d,654,34,21,,,,,,,,,,,,,,,,,,
d,655,34,21,,d,655,34,21,,,,,,,,,,,,,,,,,,
d,656,35,21,,d,656,35,21,,,,,,,,,,,,,,,,,,
d,657,36,21,,d,657,36,21,,,,,,,,,,,,,,,,,,
d,658,41,21,,d,658,41,21,,,,,,,,,,,,,,,,,,
d,659,39,21,,d,659,39,21,,,,,,,,,,,,,,,,,,
d,660,40,31,,d,660,40,31,,,,,,,,,,,,,,,,,,
d,661,40,22,,d,661,40,22,,,,,,,,,,,,,,,,,,
d,662,41,21,,d,662,41,21,,,,,,,,,,,,,,,,,,
d,663,42,21,,d,663,42,21,,,,,,,,,,,,,,,,,,
d,664,41,22,,d,664,41,22,,,,,,,,,,,,,,,,,,
d,665,42,22,,d,665,42,22,,,,,,,,,,,,,,,,,,
d,666,40,20,,d,666,40,20,,,,,,,,,,,,,,,,,,
d,667,40,21,,d,667,40,21,,,,,,,,,,,,,,,,,,
d,668,41,21,,d,668,41,21,,,,,,,,,,,,,,,,,,
d,669,42,23,,d,669,42,23,,,,,,,,,,,,,,,,,,
d,670,34,21,,d,670,34,21,,,,,,,,,,,,,,,,,,
d,671,35,22,,d,671,35,22,,,,,,,,,,,,,,,,,,
d,672,35,21,,d,672,35,21,,,,,,,,,,,,,,,,,,
d,673,41,22,,d,673,41,22,,,,,,,,,,,,,,,,,,
d,674,41,22,,d,674,41,22,,,,,,,,,,,,,,,,,,
d,675,34,34,,d,675,34,34,,,,,,,,,,,,,,,,,,
d,676,40,22,,d,676,40,22,,,,,,,,,,,,,,,,,,
d,677,41,32,,d,677,41,32,,,,,,,,,,,,,,,,,,
d,678,41,21,,d,678,41,21,,,,,,,,,,,,,,,,,,
d,679,42,22,,d,679,42,22,,,,,,,,,,,,,,,,,,
d,680,42,40,,d,680,42,40,,,,,,,,,,,,,,,,,,
d,681,40,23,,d,681,40,23,,,,,,,,,,,,,,,,,,
d,682,40,23,,d,682,40,23,,,,,,,,,,,,,,,,,,
d,683,41,23,,d,683,41,23,,,,,,,,,,,,,,,,,,
d,684,41,22,,d,684,41,22,,,,,,,,,,,,,,,,,,
d,685,42,22,,d,685,42,22,,,,,,,,,,,,,,,,,,
d,686,43,21,,d,686,43,21,,,,,,,,,,,,,,,,,,
d,687,35,22,,d,687,35,22,,,,,,,,,,,,,,,,,,
d,688,41,21,,d,688,41,21,,,,,,,,,,,,,,,,,,
d,689,41,22,,d,689,41,22,,,,,,,,,,,,,,,,,,
d,690,34,22,,d,690,34,22,,,,,,,,,,,,,,,,,,
d,691,35,23,,d,691,35,23,,,,,,,,,,,,,,,,,,
d,692,35,23,,d,692,35,23,,,,,,,,,,,,,,,,,,
d,693,41,21,,d,693,41,21,,,,,,,,,,,,,,,,,,
d,694,42,22,,d,694,42,22,,,,,,,,,,,,,,,,,,
d,695,42,23,,d,695,42,23,,,,,,,,,,,,,,,,,,
d,696,40,24,,d,696,40,24,,,,,,,,,,,,,,,,,,
d,697,41,24,,d,697,41,24,,,,,,,,,,,,,,,,,,
d,698,41,22,,d,698,41,22,,,,,,,,,,,,,,,,,,
d,699,41,22,,d,699,41,22,,,,,,,,,,,,,,,,,,
d,700,42,22,,d,700,42,22,,,,,,,,,,,,,,,,,,
d,701,42,22,,d,701,42,22,,,,,,,,,,,,,,,,,,
d,702,43,22,,d,702,43,22,,,,,,,,,,,,,,,,,,
d,703,41,22,,d,703,41,22,,,,,,,,,,,,,,,,,,
d,704,41,22,,d,704,41,22,,,,,,,,,,,,,,,,,,
d,705,34,22,,d,705,34,22,,,,,,,,,,,,,,,,,,
d,706,35,23,,d,706,35,23,,,,,,,,,,,,,,,,,,
d,707,35,22,,d,707,35,22,,,,,,,,,,,,,,,,,,
d,708,36,23,,d,708,36,23,,,,,,,,,,,,,,,,,,
d,709,36,23,,d,709,36,23,,,,,,,,,,,,,,,,,,
d,710,42,23,,d,710,42,23,,,,,,,,,,,,,,,,,,
d,711,40,23,,d,711,40,23,,,,,,,,,,,,,,,,,,
d,712,41,22,,d,712,41,22,,,,,,,,,,,,,,,,,,
d,713,41,23,,d,713,41,23,,,,,,,,,,,,,,,,,,
d,714,42,43,,d,714,42,43,,,,,,,,,,,,,,,,,,
d,715,42,44,,d,715,42,44,,,,,,,,,,,,,,,,,,
d,716,42,22,,d,716,42,22,,,,,,,,,,,,,,,,,,
d,717,43,32,,d,717,43,32,,,,,,,,,,,,,,,,,,
d,718,41,23,,d,718,41,23,,,,,,,,,,,,,,,,,,
d,719,41,43,,d,719,41,43,,,,,,,,,,,,,,,,,,
d,720,42,23,,d,720,42,23,,,,,,,,,,,,,,,,,,
d,721,42,24,,d,721,42,24,,,,,,,,,,,,,,,,,,
d,722,35,22,,d,722,35,22,,,,,,,,,,,,,,,,,,
d,723,36,23,,d,723,36,23,,,,,,,,,,,,,,,,,,
d,724,36,23,,d,724,36,23,,,,,,,,,,,,,,,,,,
d,725,42,26,,d,725,42,26,,,,,,,,,,,,,,,,,,
d,726,42,23,,d,726,42,23,,,,,,,,,,,,,,,,,,
d,727,35,31,,d,727,35,31,,,,,,,,,,,,,,,,,,
d,728,41,23,,d,728,41,23,,,,,,,,,,,,,,,,,,
d,729,42,23,,d,729,42,23,,,,,,,,,,,,,,,,,,
d,730,42,23,,d,730,42,23,,,,,,,,,,,,,,,,,,
d,731,43,23,,d,731,43,23,,,,,,,,,,,,,,,,,,
d,732,43,25,,d,732,43,25,,,,,,,,,,,,,,,,,,
d,733,41,23,,d,733,41,23,,,,,,,,,,,,,,,,,,
d,734,41,23,,d,734,41,23,,,,,,,,,,,,,,,,,,
d,735,42,29,,d,735,42,29,,,,,,,,,,,,,,,,,,
d,736,42,23,,d,736,42,23,,,,,,,,,,,,,,,,,,
d,737,43,24,,d,737,43,24,,,,,,,,,,,,,,,,,,
d,738,43,24,,d,738,43,24,,,,,,,,,,,,,,,,,,
d,739,36,23,,d,739,36,23,,,,,,,,,,,,,,,,,,
d,740,42,24,,d,740,42,24,,,,,,,,,,,,,,,,,,
d,741,42,24,,d,741,42,24,,,,,,,,,,,,,,,,,,
d,742,35,33,,d,742,35,33,,,,,,,,,,,,,,,,,,
d,743,36,24,,d,743,36,24,,,,,,,,,,,,,,,,,,
d,744,36,23,,d,744,36,23,,,,,,,,,,,,,,,,,,
d,745,42,24,,d,745,42,24,,,,,,,,,,,,,,,,,,
d,746,43,23,,d,746,43,23,,,,,,,,,,,,,,,,,,
d,747,43,24,,d,747,43,24,,,,,,,,,,,,,,,,,,
d,748,41,24,,d,748,41,24,,,,,,,,,,,,,,,,,,
d,749,42,23,,d,749,42,23,,,,,,,,,,,,,,,,,,
d,750,42,43,,d,750,42,43,,,,,,,,,,,,,,,,,,
d,751,42,25,,d,751,42,25,,,,,,,,,,,,,,,,,,
d,752,43,23,,d,752,43,23,,,,,,,,,,,,,,,,,,
d,753,43,23,,d,753,43,23,,,,,,,,,,,,,,,,,,
d,754,44,24,,d,754,44,24,,,,,,,,,,,,,,,,,,
d,755,45,24,,d,755,45,24,,,,,,,,,,,,,,,,,,
d,756,46,24,,d,756,46,24,,,,,,,,,,,,,,,,,,
d,757,47,24,,d,757,47,24,,,,,,,,,,,,,,,,,,
d,758,48,26,,d,758,48,26,,,,,,,,,,,,,,,,,,
d,759,36,25,,d,759,36,25,,,,,,,,,,,,,,,,,,
d,760,37,24,,d,760,37,24,,,,,,,,,,,,,,,,,,
d,761,45,24,,d,761,45,24,,,,,,,,,,,,,,,,,,
d,762,46,24,,d,762,46,24,,,,,,,,,,,,,,,,,,
d,763,47,24,,d,763,47,24,,,,,,,,,,,,,,,,,,
d,764,48,24,,d,764,48,24,,,,,,,,,,,,,,,,,,
d,765,42,24,,d,765,42,24,,,,,,,,,,,,,,,,,,
d,766,43,25,,d,766,43,25,,,,,,,,,,,,,,,,,,
d,767,43,25,,d,767,43,25,,,,,,,,,,,,,,,,,,
d,768,46,26,,d,768,46,26,,,,,,,,,,,,,,,,,,
d,769,47,26,,d,769,47,26,,,,,,,,,,,,,,,,,,
d,770,48,25,,d,770,48,25,,,,,,,,,,,,,,,,,,
d,771,45,25,,d,771,45,25,,,,,,,,,,,,,,,,,,
d,772,46,25,,d,772,46,25,,,,,,,,,,,,,,,,,,
d,773,47,25,,d,773,47,25,,,,,,,,,,,,,,,,,,
d,774,48,25,,d,774,48,25,,,,,,,,,,,,,,,,,,
d,775,47,25,,d,775,47,25,,,,,,,,,,,,,,,,,,
d,776,48,25,,d,776,48,25,,,,,,,,,,,,,,,,,,
d,777,45,24,,d,777,45,24,,,,,,,,,,,,,,,,,,
d,778,46,24,,d,778,46,24,,,,,,,,,,,,,,,,,,
d,779,47,25,,d,779,47,25,,,,,,,,,,,,,,,,,,
d,780,48,24,,d,780,48,24,,,,,,,,,,,,,,,,,,
d,781,49,24,,d,781,49,24,,,,,,,,,,,,,,,,,,
d,782,48,25,,d,782,48,25,,,,,,,,,,,,,,,,,,
d,783,49,25,,d,783,49,25,,,,,,,,,,,,,,,,,,
d,784,46,25,,d,784,46,25,,,,,,,,,,,,,,,,,,
d,785,47,25,,d,785,47,25,,,,,,,,,,,,,,,,,,
d,786,48,26,,d,786,48,26,,,,,,,,,,,,,,,,,,
d,787,49,25,,d,787,49,25,,,,,,,,,,,,,,,,,,
d,788,46,26,,d,788,46,26,,,,,,,,,,,,,,,,,,
d,789,47,26,,d,789,47,26,,,,,,,,,,,,,,,,,,
d,790,48,26,,d,790,48,26,,,,,,,,,,,,,,,,,,
d,791,45,29,,d,791,45,29,,,,,,,,,,,,,,,,,,
d,792,46,26,,d,792,46,26,,,,,,,,,,,,,,,,,,
d,793,47,25,,d,793,47,25,,,,,,,,,,,,,,,,,,
d,794,46,25,,d,794,46,25,,,,,,,,,,,,,,,,,,
d,795,47,25,,d,795,47,25,,,,,,,,,,,,,,,,,,
d,796,48,26,,d,796,48,26,,,,,,,,,,,,,,,,,,
d,797,49,25,,d,797,49,25,,,,,,,,,,,,,,,,,,
d,798,46,37,,d,798,46,37,,,,,,,,,,,,,,,,,,
d,799,47,26,,d,799,47,26,,,,,,,,,,,,,,,,,,
d,800,46,26,,d,800,46,26,,,,,,,,,,,,,,,,,,
d,801,47,27,,d,801,47,27,,,,,,,,,,,,,,,,,,
d,802,48,25,,d,802,48,25,,,,,,,,,,,,,,,,,,
d,803,49,25,,d,803,49,25,,,,,,,,,,,,,,,,,,
d,804,50,25,,d,804,50,25,,,,,,,,,,,,,,,,,,
d,805,51,25,,d,805,51,25,,,,,,,,,,,,,,,,,,
d,806,45,47,,d,806,45,47,,,,,,,,,,,,,,,,,,
d,807,46,26,,d,807,46,26,,,,,,,,,,,,,,,,,,
d,808,46,26,,d,808,46,26,,,,,,,,,,,,,,,,,,
d,809,47,25,,d,809,47,25,,,,,,,,,,,,,,,,,,
d,810,48,26,,d,810,48,26,,,,,,,,,,,,,,,,,,
d,811,51,26,,d,811,51,26,,,,,,,,,,,,,,,,,,
d,812,52,26,,d,812,52,26,,,,,,,,,,,,,,,,,,
d,813,46,25,,d,813,46,25,,,,,,,,,,,,,,,,,,
d,814,46,26,,d,814,46,26,,,,,,,,,,,,,,,,,,
d,815,47,26,,d,815,47,26,,,,,,,,,,,,,,,,,,
d,816,48,26,,d,816,48,26,,,,,,,,,,,,,,,,,,
d,817,47,26,,d,817,47,26,,,,,,,,,,,,,,,,,,
d,818,52,35,,d,818,52,35,,,,,,,,,,,,,,,,,,
d,819,53,27,,d,819,53,27,,,,,,,,,,,,,,,,,,
d,820,47,26,,d,820,47,26,,,,,,,,,,,,,,,,,,
d,821,51,26,,d,821,51,26,,,,,,,,,,,,,,,,,,
d,822,52,27,,d,822,52,27,,,,,,,,,,,,,,,,,,
d,823,46,26,,d,823,46,26,,,,,,,,,,,,,,,,,,
d,824,47,26,,d,824,47,26,,,,,,,,,,,,,,,,,,
d,825,53,36,,d,825,53,36,,,,,,,,,,,,,,,,,,
d,826,54,26,,d,826,54,26,,,,,,,,,,,,,,,,,,
d,827,51,26,,d,827,51,26,,,,,,,,,,,,,,,,,,
d,828,52,26,,d,828,52,26,,,,,,,,,,,,,,,,,,
d,829,46,26,,d,829,46,26,,,,,,,,,,,,,,,,,,
d,830,47,26,,d,830,47,26,,,,,,,,,,,,,,,,,,
d,831,47,26,,d,831,47,26,,,,,,,,,,,,,,,,,,
d,832,48,26,,d,832,48,26,,,,,,,,,,,,,,,,,,
d,833,49,26,,d,833,49,26,,,,,,,,,,,,,,,,,,
d,834,52,27,,d,834,52,27,,,,,,,,,,,,,,,,,,
d,835,53,26,,d,835,53,26,,,,,,,,,,,,,,,,,,
d,836,47,28,,d,836,47,28,,,,,,,,,,,,,,,,,,
d,837,47,27,,d,837,47,27,,,,,,,,,,,,,,,,,,
d,838,52,26,,d,838,52,26,,,,,,,,,,,,,,,,,,
d,839,53,47,,d,839,53,47,,,,,,,,,,,,,,,,,,
d,840,47,26,,d,840,47,26,,,,,,,,,,,,,,,,,,
d,841,51,27,,d,841,51,27,,,,,,,,,,,,,,,,,,
d,842,52,59,,d,842,52,59,,,,,,,,,,,,,,,,,,
d,843,46,27,,d,843,46,27,,,,,,,,,,,,,,,,,,
d,844,52,27,,d,844,52,27,,,,,,,,,,,,,,,,,,
d,845,53,26,,d,845,53,26,,,,,,,,,,,,,,,,,,
d,846,47,26,,d,846,47,26,,,,,,,,,,,,,,,,,,
d,847,48,27,,d,847,48,27,,,,,,,,,,,,,,,,,,
d,848,52,28,,d,848,52,28,,,,,,,,,,,,,,,,,,
d,849,53,27,,d,849,53,27,,,,,,,,,,,,,,,,,,
d,850,52,27,,d,850,52,27,,,,,,,,,,,,,,,,,,
d,851,53,27,,d,851,53,27,,,,,,,,,,,,,,,,,,
d,852,47,27,,d,852,47,27,,,,,,,,,,,,,,,,,,
d,853,48,27,,d,853,48,27,,,,,,,,,,,,,,,,,,
d,854,48,27,,d,854,48,27,,,,,,,,,,,,,,,,,,
d,855,53,27,,d,855,53,27,,,,,,,,,,,,,,,,,,
d,856,51,27,,d,856,51,27,,,,,,,,,,,,,,,,,,
d,857,52,27,,d,857,52,27,,,,,,,,,,,,,,,,,,
d,858,52,27,,d,858,52,27,,,,,,,,,,,,,,,,,,
d,859,53,27,,d,859,53,27,,,,,,,,,,,,,,,,,,
d,860,47,27,,d,860,47,27,,,,,,,,,,,,,,,,,,
d,861,53,27,,d,861,53,27,,,,,,,,,,,,,,,,,,
d,862,54,41,,d,862,54,41,,,,,,,,,,,,,,,,,,
d,863,52,29,,d,863,52,29,,,,,,,,,,,,,,,,,,
d,864,52,28,,d,864,52,28,,,,,,,,,,,,,,,,,,
d,865,53,29,,d,865,53,29,,,,,,,,,,,,,,,,,,
d,866,47,28,,d,866,47,28,,,,,,,,,,,,,,,,,,
d,867,53,27,,d,867,53,27,,,,,,,,,,,,,,,,,,
d,868,54,28,,d,868,54,28,,,,,,,,,,,,,,,,,,
d,869,48,29,,d,869,48,29,,,,,,,,,,,,,,,,,,
d,870,53,27,,d,870,53,27,,,,,,,,,,,,,,,,,,
d,871,53,28,,d,871,53,28,,,,,,,,,,,,,,,,,,
d,872,54,31,,d,872,54,31,,,,,,,,,,,,,,,,,,
d,873,52,28,,d,873,52,28,,,,,,,,,,,,,,,,,,
d,874,53,27,,d,874,53,27,,,,,,,,,,,,,,,,,,
d,875,53,28,,d,875,53,28,,,,,,,,,,,,,,,,,,
d,876,54,27,,d,876,54,27,,,,,,,,,,,,,,,,,,
d,877,54,28,,d,877,54,28,,,,,,,,,,,,,,,,,,
d,878,52,39,,d,878,52,39,,,,,,,,,,,,,,,,,,
d,879,52,28,,d,879,52,28,,,,,,,,,,,,,,,,,,
d,880,53,58,,d,880,53,58,,,,,,,,,,,,,,,,,,
d,881,53,28,,d,881,53,28,,,,,,,,,,,,,,,,,,
d,882,54,28,,d,882,54,28,,,,,,,,,,,,,,,,,,
d,883,48,28,,d,883,48,28,,,,,,,,,,,,,,,,,,
d,884,54,29,,d,884,54,29,,,,,,,,,,,,,,,,,,
d,885,53,28,,d,885,53,28,,,,,,,,,,,,,,,,,,
d,886,53,28,,d,886,53,28,,,,,,,,,,,,,,,,,,
d,887,53,29,,d,887,53,29,,,,,,,,,,,,,,,,,,
d,888,54,29,,d,888,54,29,,,,,,,,,,,,,,,,,,
d,889,48,29,,d,889,48,29,,,,,,,,,,,,,,,,,,
d,890,53,30,,d,890,53,30,,,,,,,,,,,,,,,,,,
d,891,54,29,,d,891,54,29,,,,,,,,,,,,,,,,,,
d,892,54,29,,d,892,54,29,,,,,,,,,,,,,,,,,,
d,893,52,29,,d,893,52,29,,,,,,,,,,,,,,,,,,
d,894,53,29,,d,894,53,29,,,,,,,,,,,,,,,,,,
d,895,53,28,,d,895,53,28,,,,,,,,,,,,,,,,,,
d,896,53,61,,d,896,53,61,,,,,,,,,,,,,,,,,,
d,897,54,29,,d,897,54,29,,,,,,,,,,,,,,,,,,
d,898,54,29,,d,898,54,29,,,,,,,,,,,,,,,,,,
d,899,55,28,,d,899,55,28,,,,,,,,,,,,,,,,,,
d,900,53,28,,d,900,53,28,,,,,,,,,,,,,,,,,,
d,901,53,28,,d,901,53,28,,,,,,,,,,,,,,,,,,
d,902,53,28,,d,902,53,28,,,,,,,,,,,,,,,,,,
d,903,54,28,,d,903,54,28,,,,,,,,,,,,,,,,,,
d,904,54,29,,d,904,54,29,,,,,,,,,,,,,,,,,,
d,905,55,28,,d,905,55,28,,,,,,,,,,,,,,,,,,
d,906,49,29,,d,906,49,29,,,,,,,,,,,,,,,,,,
d,907,54,30,,d,907,54,30,,,,,,,,,,,,,,,,,,
d,908,52,29,,d,908,52,29,,,,,,,,,,,,,,,,,,
d,909,53,30,,d,909,53,30,,,,,,,,,,,,,,,,,,
d,910,53,31,,d,910,53,31,,,,,,,,,,,,,,,,,,
d,911,54,29,,d,911,54,29,,,,,,,,,,,,,,,,,,
d,912,54,30,,d,912,54,30,,,,,,,,,,,,,,,,,,
d,913,54,30,,d,913,54,30,,,,,,,,,,,,,,,,,,
d,914,55,30,,d,914,55,30,,,,,,,,,,,,,,,,,,
d,915,53,29,,d,915,53,29,,,,,,,,,,,,,,,,,,
d,916,53,29,,d,916,53,29,,,,,,,,,,,,,,,,,,
d,917,54,29,,d,917,54,29,,,,,,,,,,,,,,,,,,
d,918,54,30,,d,918,54,30,,,,,,,,,,,,,,,,,,
d,919,54,32,,d,919,54,32,,,,,,,,,,,,,,,,,,
d,920,55,29,,d,920,55,29,,,,,,,,,,,,,,,,,,
d,921,55,29,,d,921,55,29,,,,,,,,,,,,,,,,,,
d,922,54,29,,d,922,54,29,,,,,,,,,,,,,,,,,,
d,923,54,29,,d,923,54,29,,,,,,,,,,,,,,,,,,
d,924,54,29,,d,924,54,29,,,,,,,,,,,,,,,,,,
d,925,53,29,,d,925,53,29,,,,,,,,,,,,,,,,,,
d,926,54,40,,d,926,54,40,,,,,,,,,,,,,,,,,,
d,927,54,30,,d,927,54,30,,,,,,,,,,,,,,,,,,
d,928,55,31,,d,928,55,31,,,,,,,,,,,,,,,,,,
d,929,55,30,,d,929,55,30,,,,,,,,,,,,,,,,,,
d,930,53,29,,d,930,53,29,,,,,,,,,,,,,,,,,,
d,931,53,30,,d,931,53,30,,,,,,,,,,,,,,,,,,
d,932,54,29,,d,932,54,29,,,,,,,,,,,,,,,,,,
d,933,54,39,,d,933,54,39,,,,,,,,,,,,,,,,,,
d,934,55,30,,d,934,55,30,,,,,,,,,,,,,,,,,,
d,935,55,29,,d,935,55,29,,,,,,,,,,,,,,,,,,
d,936,55,30,,d,936,55,30,,,,,,,,,,,,,,,,,,
d,937,54,31,,d,937,54,31,,,,,,,,,,,,,,,,,,
d,938,54,31,,d,938,54,31,,,,,,,,,,,,,,,,,,
d,939,54,30,,d,939,54,30,,,,,,,,,,,,,,,,,,
d,940,55,31,,d,940,55,31,,,,,,,,,,,,,,,,,,
d,941,55,30,,d,941,55,30,,,,,,,,,,,,,,,,,,
d,942,54,30,,d,942,54,30,,,,,,,,,,,,,,,,,,
d,943,55,30,,d,943,55,30,,,,,,,,,,,,,,,,,,
d,944,55,30,,d,944,55,30,,,,,,,,,,,,,,,,,,
d,945,53,30,,d,945,53,30,,,,,,,,,,,,,,,,,,
d,946,54,42,,d,946,54,42,,,,,,,,,,,,,,,,,,
d,947,54,30,,d,947,54,30,,,,,,,,,,,,,,,,,,
d,948,54,30,,d,948,54,30,,,,,,,,,,,,,,,,,,
d,949,55,31,,d,949,55,31,,,,,,,,,,,,,,,,,,
d,950,55,30,,d,950,55,30,,,,,,,,,,,,,,,,,,
d,951,56,31,,d,951,56,31,,,,,,,,,,,,,,,,,,
d,952,57,30,,d,952,57,30,,,,,,,,,,,,,,,,,,
d,953,58,32,,d,953,58,32,,,,,,,,,,,,,,,,,,
d,954,59,30,,d,954,59,30,,,,,,,,,,,,,,,,,,
d,955,60,31,,d,955,60,31,,,,,,,,,,,,,,,,,,
d,956,61,31,,d,956,61,31,,,,,,,,,,,,,,,,,,
d,957,62,30,,d,957,62,30,,,,,,,,,,,,,,,,,,
d,958,63,33,,d,958,63,33,,,,,,,,,,,,,,,,,,
d,959,64,31,,d,959,64,31,,,,,,,,,,,,,,,,,,
d,960,65,30,,d,960,65,30,,,,,,,,,,,,,,,,,,
d,961,66,30,,d,961,66,30,,,,,,,,,,,,,,,,,,
d,962,54,31,,d,962,54,31,,,,,,,,,,,,,,,,,,
d,963,55,30,,d,963,55,30,,,,,,,,,,,,,,,,,,
d,964,63,31,,d,964,63,31,,,,,,,,,,,,,,,,,,
d,965,64,30,,d,965,64,30,,,,,,,,,,,,,,,,,,
d,966,65,32,,d,966,65,32,,,,,,,,,,,,,,,,,,
d,967,66,31,,d,967,66,31,,,,,,,,,,,,,,,,,,
d,968,57,31,,d,968,57,31,,,,,,,,,,,,,,,,,,
d,969,58,32,,d,969,58,32,,,,,,,,,,,,,,,,,,
d,970,59,32,,d,970,59,32,,,,,,,,,,,,,,,,,,
d,971,64,31,,d,971,64,31,,,,,,,,,,,,,,,,,,
d,972,65,31,,d,972,65,31,,,,,,,,,,,,,,,,,,
d,973,66,31,,d,973,66,31,,,,,,,,,,,,,,,,,,
d,974,63,31,,d,974,63,31,,,,,,,,,,,,,,,,,,
d,975,64,31,,d,975,64,31,,,,,,,,,,,,,,,,,,
d,976,65,31,,d,976,65,31,,,,,,,,,,,,,,,,,,
d,977,66,32,,d,977,66,32,,,,,,,,,,,,,,,,,,
d,978,65,43,,d,978,65,43,,,,,,,,,,,,,,,,,,
d,979,66,32,,d,979,66,32,,,,,,,,,,,,,,,,,,
d,980,63,34,,d,980,63,34,,,,,,,,,,,,,,,,,,
d,981,64,33,,d,981,64,33,,,,,,,,,,,,,,,,,,
d,982,65,31,,d,982,65,31,,,,,,,,,,,,,,,,,,
d,983,66,31,,d,983,66,31,,,,,,,,,,,,,,,,,,
d,984,67,33,,d,984,67,33,,,,,,,,,,,,,,,,,,
d,985,58,35,,d,985,58,35,,,,,,,,,,,,,,,,,,
d,986,59,31,,d,986,59,31,,,,,,,,,,,,,,,,,,
d,987,64,31,,d,987,64,31,,,,,,,,,,,,,,,,,,
d,988,57,31,,d,988,57,31,,,,,,,,,,,,,,,,,,
d,989,58,31,,d,989,58,31,,,,,,,,,,,,,,,,,,
d,990,59,32,,d,990,59,32,,,,,,,,,,,,,,,,,,
d,991,64,31,,d,991,64,31,,,,,,,,,,,,,,,,,,
d,992,65,31,,d,992,65,31,,,,,,,,,,,,,,,,,,
d,993,66,32,,d,993,66,32,,,,,,,,,,,,,,,,,,
d,994,63,31,,d,994,63,31,,,,,,,,,,,,,,,,,,
d,995,64,32,,d,995,64,32,,,,,,,,,,,,,,,,,,
d,996,65,32,,d,996,65,32,,,,,,,,,,,,,,,,,,
d,997,64,33,,d,997,64,33,,,,,,,,,,,,,,,,,,
d,998,65,34,,d,998,65,34,,,,,,,,,,,,,,,,,,
d,999,66,32,,d,999,66,32,,,,,,,,,,,,,,,,,,
d,1000,67,32,,d,1000,67,32,,,,,,,,,,,,,,,,,,
d,1001,64,32,,d,1001,64,32,,,,,,,,,,,,,,,,,,
d,1002,65,62,,d,1002,65,62,,,,,,,,,,,,,,,,,,
d,1003,57,32,,d,1003,57,32,,,,,,,,,,,,,,,,,,
d,1004,58,32,,d,1004,58,32,,,,,,,,,,,,,,,,,,
d,1005,58,32,,d,1005,58,32,,,,,,,,,,,,,,,,,,
d,1006,59,32,,d,1006,59,32,,,,,,,,,,,,,,,,,,
d,1007,60,32,,d,1007,60,32,,,,,,,,,,,,,,,,,,
d,1008,65,32,,d,1008,65,32,,,,,,,,,,,,,,,,,,
d,1009,63,33,,d,1009,63,33,,,,,,,,,,,,,,,,,,
d,1010,64,33,,d,1010,64,33,,,,,,,,,,,,,,,,,,
d,1011,64,33,,d,1011,64,33,,,,,,,,,,,,,,,,,,
d,1012,65,32,,d,1012,65,32,,,,,,,,,,,,,,,,,,
d,1013,66,33,,d,1013,66,33,,,,,,,,,,,,,,,,,,
d,1014,65,33,,d,1014,65,33,,,,,,,,,,,,,,,,,,
d,1015,66,32,,d,1015,66,32,,,,,,,,,,,,,,,,,,
d,1016,64,33,,d,1016,64,33,,,,,,,,,,,,,,,,,,
d,1017,64,33,,d,1017,64,33,,,,,,,,,,,,,,,,,,
d,1018,65,41,,d,1018,65,41,,,,,,,,,,,,,,,,,,
d,1019,66,32,,d,1019,66,32,,,,,,,,,,,,,,,,,,
d,1020,58,34,,d,1020,58,34,,,,,,,,,,,,,,,,,,
d,1021,59,34,,d,1021,59,34,,,,,,,,,,,,,,,,,,
d,1022,59,32,,d,1022,59,32,,,,,,,,,,,,,,,,,,
d,1023,65,33,,d,1023,65,33,,,,,,,,,,,,,,,,,,
d,1024,65,32,,d,1024,65,32,,,,,,,,,,,,,,,,,,
d,1025,58,33,,d,1025,58,33,,,,,,,,,,,,,,,,,,
d,1026,64,44,,d,1026,64,44,,,,,,,,,,,,,,,,,,
d,1027,65,32,,d,1027,65,32,,,,,,,,,,,,,,,,,,
d,1028,65,35,,d,1028,65,35,,,,,,,,,,,,,,,,,,
d,1029,66,33,,d,1029,66,33,,,,,,,,,,,,,,,,,,
d,1030,66,33,,d,1030,66,33,,,,,,,,,,,,,,,,,,
d,1031,64,33,,d,1031,64,33,,,,,,,,,,,,,,,,,,
d,1032,64,34,,d,1032,64,34,,,,,,,,,,,,,,,,,,
d,1033,65,34,,d,1033,65,34,,,,,,,,,,,,,,,,,,
d,1034,65,33,,d,1034,65,33,,,,,,,,,,,,,,,,,,
d,1035,66,34,,d,1035,66,34,,,,,,,,,,,,,,,,,,
d,1036,67,34,,d,1036,67,34,,,,,,,,,,,,,,,,,,
d,1037,59,34,,d,1037,59,34,,,,,,,,,,,,,,,,,,
d,1038,65,35,,d,1038,65,35,,,,,,,,,,,,,,,,,,
d,1039,65,33,,d,1039,65,33,,,,,,,,,,,,,,,,,,
d,1040,58,33,,d,1040,58,33,,,,,,,,,,,,,,,,,,
d,1041,59,33,,d,1041,59,33,,,,,,,,,,,,,,,,,,
d,1042,59,33,,d,1042,59,33,,,,,,,,,,,,,,,,,,
d,1043,65,33,,d,1043,65,33,,,,,,,,,,,,,,,,,,
d,1044,66,33,,d,1044,66,33,,,,,,,,,,,,,,,,,,
d,1045,66,33,,d,1045,66,33,,,,,,,,,,,,,,,,,,
d,1046,64,33,,d,1046,64,33,,,,,,,,,,,,,,,,,,
d,1047,65,33,,d,1047,65,33,,,,,,,,,,,,,,,,,,
d,1048,65,33,,d,1048,65,33,,,,,,,,,,,,,,,,,,
d,1049,65,34,,d,1049,65,34,,,,,,,,,,,,,,,,,,
d,1050,66,33,,d,1050,66,33,,,,,,,,,,,,,,,,,,
d,1051,66,46,,d,1051,66,46,,,,,,,,,,,,,,,,,,
d,1052,67,36,,d,1052,67,36,,,,,,,,,,,,,,,,,,
d,1053,65,56,,d,1053,65,56,,,,,,,,,,,,,,,,,,
d,1054,65,34,,d,1054,65,34,,,,,,,,,,,,,,,,,,
d,1055,58,35,,d,1055,58,35,,,,,,,,,,,,,,,,,,
d,1056,59,46,,d,1056,59,46,,,,,,,,,,,,,,,,,,
d,1057,59,34,,d,1057,59,34,,,,,,,,,,,,,,,,,,
d,1058,60,34,,d,1058,60,34,,,,,,,,,,,,,,,,,,
d,1059,60,35,,d,1059,60,35,,,,,,,,,,,,,,,,,,
d,1060,66,34,,d,1060,66,34,,,,,,,,,,,,,,,,,,
d,1061,64,34,,d,1061,64,34,,,,,,,,,,,,,,,,,,
d,1062,65,34,,d,1062,65,34,,,,,,,,,,,,,,,,,,
d,1063,65,34,,d,1063,65,34,,,,,,,,,,,,,,,,,,
d,1064,66,38,,d,1064,66,38,,,,,,,,,,,,,,,,,,
d,1065,66,34,,d,1065,66,34,,,,,,,,,,,,,,,,,,
d,1066,66,34,,d,1066,66,34,,,,,,,,,,,,,,,,,,
d,1067,67,34,,d,1067,67,34,,,,,,,,,,,,,,,,,,
d,1068,65,34,,d,1068,65,34,,,,,,,,,,,,,,,,,,
d,1069,65,36,,d,1069,65,36,,,,,,,,,,,,,,,,,,
d,1070,66,34,,d,1070,66,34,,,,,,,,,,,,,,,,,,
d,1071,66,34,,d,1071,66,34,,,,,,,,,,,,,,,,,,
d,1072,59,34,,d,1072,59,34,,,,,,,,,,,,,,,,,,
d,1073,60,34,,d,1073,60,34,,,,,,,,,,,,,,,,,,
d,1074,60,38,,d,1074,60,38,,,,,,,,,,,,,,,,,,
d,1075,66,34,,d,1075,66,34,,,,,,,,,,,,,,,,,,
d,1076,66,34,,d,1076,66,34,,,,,,,,,,,,,,,,,,
d,1077,59,34,,d,1077,59,34,,,,,,,,,,,,,,,,,,
d,1078,65,34,,d,1078,65,34,,,,,,,,,,,,,,,,,,
d,1079,66,34,,d,1079,66,34,,,,,,,,,,,,,,,,,,
d,1080,66,34,,d,1080,66,34,,,,,,,,,,,,,,,,,,
d,1081,67,34,,d,1081,67,34,,,,,,,,,,,,,,,,,,
d,1082,67,34,,d,1082,67,34,,,,,,,,,,,,,,,,,,
d,1083,65,34,,d,1083,65,34,,,,,,,,,,,,,,,,,,
d,1084,65,34,,d,1084,65,34,,,,,,,,,,,,,,,,,,
d,1085,66,35,,d,1085,66,35,,,,,,,,,,,,,,,,,,
d,1086,66,34,,d,1086,66,34,,,,,,,,,,,,,,,,,,
d,1087,67,35,,d,1087,67,35,,,,,,,,,,,,,,,,,,
d,1088,67,34,,d,1088,67,34,,,,,,,,,,,,,,,,,,
d,1089,60,34,,d,1089,60,34,,,,,,,,,,,,,,,,,,
d,1090,66,35,,d,1090,66,35,,,,,,,,,,,,,,,,,,
d,1091,66,34,,d,1091,66,34,,,,,,,,,,,,,,,,,,
d,1092,59,34,,d,1092,59,34,,,,,,,,,,,,,,,,,,
d,1093,60,34,,d,1093,60,34,,,,,,,,,,,,,,,,,,
d,1094,60,34,,d,1094,60,34,,,,,,,,,,,,,,,,,,
d,1095,66,34,,d,1095,66,34,,,,,,,,,,,,,,,,,,
d,1096,67,35,,d,1096,67,35,,,,,,,,,,,,,,,,,,
d,1097,67,35,,d,1097,67,35,,,,,,,,,,,,,,,,,,
d,1098,65,35,,d,1098,65,35,,,,,,,,,,,,,,,,,,
d,1099,66,35,,d,1099,66,35,,,,,,,,,,,,,,,,,,
d,1100,66,35,,d,1100,66,35,,,,,,,,,,,,,,,,,,
d,1101,66,66,,d,1101,66,66,,,,,,,,,,,,,,,,,,
d,1102,67,35,,d,1102,67,35,,,,,,,,,,,,,,,,,,
d,1103,67,39,,d,1103,67,39,,,,,,,,,,,,,,,,,,
d,1104,68,35,,d,1104,68,35,,,,,,,,,,,,,,,,,,
d,1105,69,35,,d,1105,69,35,,,,,,,,,,,,,,,,,,
d,1106,70,35,,d,1106,70,35,,,,,,,,,,,,,,,,,,
d,1107,71,35,,d,1107,71,35,,,,,,,,,,,,,,,,,,
d,1108,72,35,,d,1108,72,35,,,,,,,,,,,,,,,,,,
d,1109,60,36,,d,1109,60,36,,,,,,,,,,,,,,,,,,
d,1110,61,35,,d,1110,61,35,,,,,,,,,,,,,,,,,,
d,1111,69,36,,d,1111,69,36,,,,,,,,,,,,,,,,,,
d,1112,70,35,,d,1112,70,35,,,,,,,,,,,,,,,,,,
d,1113,71,35,,d,1113,71,35,,,,,,,,,,,,,,,,,,
d,1114,72,35,,d,1114,72,35,,,,,,,,,,,,,,,,,,
d,1115,66,48,,d,1115,66,48,,,,,,,,,,,,,,,,,,
d,1116,67,35,,d,1116,67,35,,,,,,,,,,,,,,,,,,
d,1117,67,36,,d,1117,67,36,,,,,,,,,,,,,,,,,,
d,1118,70,36,,d,1118,70,36,,,,,,,,,,,,,,,,,,
d,1119,71,35,,d,1119,71,35,,,,,,,,,,,,,,,,,,
d,1120,72,35,,d,1120,72,35,,,,,,,,,,,,,,,,,,
d,1121,69,36,,d,1121,69,36,,,,,,,,,,,,,,,,,,
d,1122,70,35,,d,1122,70,35,,,,,,,,,,,,,,,,,,
d,1123,71,36,,d,1123,71,36,,,,,,,,,,,,,,,,,,
d,1124,72,35,,d,1124,72,35,,,,,,,,,,,,,,,,,,
d,1125,71,35,,d,1125,71,35,,,,,,,,,,,,,,,,,,
d,1126,72,36,,d,1126,72,36,,,,,,,,,,,,,,,,,,
d,1127,69,37,,d,1127,69,37,,,,,,,,,,,,,,,,,,
d,1128,70,36,,d,1128,70,36,,,,,,,,,,,,,,,,,,
d,1129,71,40,,d,1129,71,40,,,,,,,,,,,,,,,,,,
d,1130,72,36,,d,1130,72,36,,,,,,,,,,,,,,,,,,
d,1131,73,36,,d,1131,73,36,,,,,,,,,,,,,,,,,,
d,1132,72,36,,d,1132,72,36,,,,,,,,,,,,,,,,,,
d,1133,73,36,,d,1133,73,36,,,,,,,,,,,,,,,,,,
d,1134,70,36,,d,1134,70,36,,,,,,,,,,,,,,,,,,
d,1135,71,36,,d,1135,71,36,,,,,,,,,,,,,,,,,,
d,1136,72,68,,d,1136,72,68,,,,,,,,,,,,,,,,,,
d,1137,73,36,,d,1137,73,36,,,,,,,,,,,,,,,,,,
d,1138,70,37,,d,1138,70,37,,,,,,,,,,,,,,,,,,
d,1139,71,39,,d,1139,71,39,,,,,,,,,,,,,,,,,,
d,1140,72,36,,d,1140,72,36,,,,,,,,,,,,,,,,,,
d,1141,69,36,,d,1141,69,36,,,,,,,,,,,,,,,,,,
d,1142,70,36,,d,1142,70,36,,,,,,,,,,,,,,,,,,
d,1143,71,36,,d,1143,71,36,,,,,,,,,,,,,,,,,,
d,1144,70,36,,d,1144,70,36,,,,,,,,,,,,,,,,,,
d,1145,71,36,,d,1145,71,36,,,,,,,,,,,,,,,,,,
d,1146,72,36,,d,1146,72,36,,,,,,,,,,,,,,,,,,
d,1147,73,37,,d,1147,73,37,,,,,,,,,,,,,,,,,,
d,1148,70,36,,d,1148,70,36,,,,,,,,,,,,,,,,,,
d,1149,71,36,,d,1149,71,36,,,,,,,,,,,,,,,,,,
d,1150,70,36,,d,1150,70,36,,,,,,,,,,,,,,,,,,
d,1151,71,37,,d,1151,71,37,,,,,,,,,,,,,,,,,,
d,1152,72,37,,d,1152,72,37,,,,,,,,,,,,,,,,,,
d,1153,73,37,,d,1153,73,37,,,,,,,,,,,,,,,,,,
d,1154,74,37,,d,1154,74,37,,,,,,,,,,,,,,,,,,
d,1155,75,37,,d,1155,75,37,,,,,,,,,,,,,,,,,,
d,1156,69,36,,d,1156,69,36,,,,,,,,,,,,,,,,,,
d,1157,70,37,,d,1157,70,37,,,,,,,,,,,,,,,,,,
d,1158,70,37,,d,1158,70,37,,,,,,,,,,,,,,,,,,
d,1159,71,37,,d,1159,71,37,,,,,,,,,,,,,,,,,,
d,1160,72,37,,d,1160,72,37,,,,,,,,,,,,,,,,,,
d,1161,75,36,,d,1161,75,36,,,,,,,,,,,,,,,,,,
d,1162,76,37,,d,1162,76,37,,,,,,,,,,,,,,,,,,
d,1163,70,37,,d,1163,70,37,,,,,,,,,,,,,,,,,,
d,1164,70,37,,d,1164,70,37,,,,,,,,,,,,,,,,,,
d,1165,71,37,,d,1165,71,37,,,,,,,,,,,,,,,,,,
d,1166,72,68,,d,1166,72,68,,,,,,,,,,,,,,,,,,
d,1167,71,37,,d,1167,71,37,,,,,,,,,,,,,,,,,,
d,1168,76,42,,d,1168,76,42,,,,,,,,,,,,,,,,,,
d,1169,77,37,,d,1169,77,37,,,,,,,,,,,,,,,,,,
d,1170,71,37,,d,1170,71,37,,,,,,,,,,,,,,,,,,
d,1171,75,37,,d,1171,75,37,,,,,,,,,,,,,,,,,,
d,1172,76,38,,d,1172,76,38,,,,,,,,,,,,,,,,,,
d,1173,70,37,,d,1173,70,37,,,,,,,,,,,,,,,,,,
d,1174,71,37,,d,1174,71,37,,,,,,,,,,,,,,,,,,
d,1175,77,46,,d,1175,77,46,,,,,,,,,,,,,,,,,,
d,1176,78,37,,d,1176,78,37,,,,,,,,,,,,,,,,,,
d,1177,75,58,,d,1177,75,58,,,,,,,,,,,,,,,,,,
d,1178,76,37,,d,1178,76,37,,,,,,,,,,,,,,,,,,
d,1179,70,37,,d,1179,70,37,,,,,,,,,,,,,,,,,,
d,1180,71,38,,d,1180,71,38,,,,,,,,,,,,,,,,,,
d,1181,71,37,,d,1181,71,37,,,,,,,,,,,,,,,,,,
d,1182,72,38,,d,1182,72,38,,,,,,,,,,,,,,,,,,
d,1183,73,38,,d,1183,73,38,,,,,,,,,,,,,,,,,,
d,1184,76,38,,d,1184,76,38,,,,,,,,,,,,,,,,,,
d,1185,77,38,,d,1185,77,38,,,,,,,,,,,,,,,,,,
d,1186,71,38,,d,1186,71,38,,,,,,,,,,,,,,,,,,
d,1187,71,37,,d,1187,71,37,,,,,,,,,,,,,,,,,,
d,1188,76,38,,d,1188,76,38,,,,,,,,,,,,,,,,,,
d,1189,77,38,,d,1189,77,38,,,,,,,,,,,,,,,,,,
d,1190,71,38,,d,1190,71,38,,,,,,,,,,,,,,,,,,
d,1191,75,38,,d,1191,75,38,,,,,,,,,,,,,,,,,,
d,1192,76,51,,d,1192,76,51,,,,,,,,,,,,,,,,,,
d,1193,70,38,,d,1193,70,38,,,,,,,,,,,,,,,,,,
d,1194,76,39,,d,1194,76,39,,,,,,,,,,,,,,,,,,
d,1195,77,38,,d,1195,77,38,,,,,,,,,,,,,,,,,,
d,1196,71,38,,d,1196,71,38,,,,,,,,,,,,,,,,,,
d,1197,72,38,,d,1197,72,38,,,,,,,,,,,,,,,,,,
d,1198,76,38,,d,1198,76,38,,,,,,,,,,,,,,,,,,
d,1199,77,38,,d,1199,77,38,,,,,,,,,,,,,,,,,,
d,1200,76,38,,d,1200,76,38,,,,,,,,,,,,,,,,,,
d,1201,77,38,,d,1201,77,38,,,,,,,,,,,,,,,,,,
d,1202,71,38,,d,1202,71,38,,,,,,,,,,,,,,,,,,
d,1203,72,38,,d,1203,72,38,,,,,,,,,,,,,,,,,,
d,1204,72,38,,d,1204,72,38,,,,,,,,,,,,,,,,,,
d,1205,77,38,,d,1205,77,38,,,,,,,,,,,,,,,,,,
d,1206,75,38,,d,1206,75,38,,,,,,,,,,,,,,,,,,
d,1207,76,38,,d,1207,76,38,,,,,,,,,,,,,,,,,,
d,1208,76,38,,d,1208,76,38,,,,,,,,,,,,,,,,,,
d,1209,77,39,,d,1209,77,39,,,,,,,,,,,,,,,,,,
d,1210,71,39,,d,1210,71,39,,,,,,,,,,,,,,,,,,
d,1211,77,39,,d,1211,77,39,,,,,,,,,,,,,,,,,,
d,1212,78,39,,d,1212,78,39,,,,,,,,,,,,,,,,,,
d,1213,76,39,,d,1213,76,39,,,,,,,,,,,,,,,,,,
d,1214,76,39,,d,1214,76,39,,,,,,,,,,,,,,,,,,
d,1215,77,39,,d,1215,77,39,,,,,,,,,,,,,,,,,,
d,1216,71,39,,d,1216,71,39,,,,,,,,,,,,,,,,,,
d,1217,77,39,,d,1217,77,39,,,,,,,,,,,,,,,,,,
d,1218,78,42,,d,1218,78,42,,,,,,,,,,,,,,,,,,
d,1219,72,39,,d,1219,72,39,,,,,,,,,,,,,,,,,,
d,1220,77,39,,d,1220,77,39,,,,,,,,,,,,,,,,,,
d,1221,77,39,,d,1221,77,39,,,,,,,,,,,,,,,,,,
d,1222,78,44,,d,1222,78,44,,,,,,,,,,,,,,,,,,
d,1223,76,39,,d,1223,76,39,,,,,,,,,,,,,,,,,,
d,1224,77,39,,d,1224,77,39,,,,,,,,,,,,,,,,,,
d,1225,77,39,,d,1225,77,39,,,,,,,,,,,,,,,,,,
d,1226,78,39,,d,1226,78,39,,,,,,,,,,,,,,,,,,
d,1227,78,39,,d,1227,78,39,,,,,,,,,,,,,,,,,,
d,1228,76,39,,d,1228,76,39,,,,,,,,,,,,,,,,,,
d,1229,76,62,,d,1229,76,62,,,,,,,,,,,,,,,,,,
d,1230,77,39,,d,1230,77,39,,,,,,,,,,,,,,,,,,
d,1231,77,39,,d,1231,77,39,,,,,,,,,,,,,,,,,,
d,1232,78,39,,d,1232,78,39,,,,,,,,,,,,,,,,,,
d,1233,72,39,,d,1233,72,39,,,,,,,,,,,,,,,,,,
d,1234,78,40,,d,1234,78,40,,,,,,,,,,,,,,,,,,
d,1235,77,39,,d,1235,77,39,,,,,,,,,,,,,,,,,,
d,1236,77,39,,d,1236,77,39,,,,,,,,,,,,,,,,,,
d,1237,77,39,,d,1237,77,39,,,,,,,,,,,,,,,,,,
d,1238,78,40,,d,1238,78,40,,,,,,,,,,,,,,,,,,
d,1239,72,40,,d,1239,72,40,,,,,,,,,,,,,,,,,,
d,1240,77,40,,d,1240,77,40,,,,,,,,,,,,,,,,,,
d,1241,78,40,,d,1241,78,40,,,,,,,,,,,,,,,,,,
d,1242,78,40,,d,1242,78,40,,,,,,,,,,,,,,,,,,
d,1243,76,40,,d,1243,76,40,,,,,,,,,,,,,,,,,,
d,1244,77,40,,d,1244,77,40,,,,,,,,,,,,,,,,,,
d,1245,77,40,,d,1245,77,40,,,,,,,,,,,,,,,,,,
d,1246,77,40,,d,1246,77,40,,,,,,,,,,,,,,,,,,
d,1247,78,41,,d,1247,78,41,,,,,,,,,,,,,,,,,,
d,1248,78,41,,d,1248,78,41,,,,,,,,,,,,,,,,,,
d,1249,79,40,,d,1249,79,40,,,,,,,,,,,,,,,,,,
d,1250,77,40,,d,1250,77,40,,,,,,,,,,,,,,,,,,
d,1251,77,49,,d,1251,77,49,,,,,,,,,,,,,,,,,,
d,1252,77,40,,d,1252,77,40,,,,,,,,,,,,,,,,,,
d,1253,78,40,,d,1253,78,40,,,,,,,,,,,,,,,,,,
d,1254,78,40,,d,1254,78,40,,,,,,,,,,,,,,,,,,
d,1255,79,40,,d,1255,79,40,,,,,,,,,,,,,,,,,,
d,1256,73,40,,d,1256,73,40,,,,,,,,,,,,,,,,,,
d,1257,78,41,,d,1257,78,41,,,,,,,,,,,,,,,,,,
d,1258,76,40,,d,1258,76,40,,,,,,,,,,,,,,,,,,
d,1259,77,40,,d,1259,77,40,,,,,,,,,,,,,,,,,,
d,1260,77,40,,d,1260,77,40,,,,,,,,,,,,,,,,,,
d,1261,78,40,,d,1261,78,40,,,,,,,,,,,,,,,,,,
d,1262,78,40,,d,1262,78,40,,,,,,,,,,,,,,,,,,
d,1263,78,41,,d,1263,78,41,,,,,,,,,,,,,,,,,,
d,1264,79,40,,d,1264,79,40,,,,,,,,,,,,,,,,,,
d,1265,77,40,,d,1265,77,40,,,,,,,,,,,,,,,,,,
d,1266,77,40,,d,1266,77,40,,,,,,,,,,,,,,,,,,
d,1267,78,52,,d,1267,78,52,,,,,,,,,,,,,,,,,,
d,1268,78,43,,d,1268,78,43,,,,,,,,,,,,,,,,,,
d,1269,78,41,,d,1269,78,41,,,,,,,,,,,,,,,,,,
d,1270,79,41,,d,1270,79,41,,,,,,,,,,,,,,,,,,
d,1271,79,42,,d,1271,79,42,,,,,,,,,,,,,,,,,,
d,1272,78,42,,d,1272,78,42,,,,,,,,,,,,,,,,,,
d,1273,78,41,,d,1273,78,41,,,,,,,,,,,,,,,,,,
d,1274,78,41,,d,1274,78,41,,,,,,,,,,,,,,,,,,
d,1275,77,44,,d,1275,77,44,,,,,,,,,,,,,,,,,,
d,1276,78,42,,d,1276,78,42,,,,,,,,,,,,,,,,,,
d,1277,78,41,,d,1277,78,41,,,,,,,,,,,,,,,,,,
d,1278,79,42,,d,1278,79,42,,,,,,,,,,,,,,,,,,
d,1279,79,41,,d,1279,79,41,,,,,,,,,,,,,,,,,,
d,1280,77,42,,d,1280,77,42,,,,,,,,,,,,,,,,,,
d,1281,77,41,,d,1281,77,41,,,,,,,,,,,,,,,,,,
d,1282,78,42,,d,1282,78,42,,,,,,,,,,,,,,,,,,
d,1283,78,41,,d,1283,78,41,,,,,,,,,,,,,,,,,,
d,1284,79,57,,d,1284,79,57,,,,,,,,,,,,,,,,,,
d,1285,79,73,,d,1285,79,73,,,,,,,,,,,,,,,,,,
d,1286,79,46,,d,1286,79,46,,,,,,,,,,,,,,,,,,
d,1287,78,41,,d,1287,78,41,,,,,,,,,,,,,,,,,,
d,1288,78,42,,d,1288,78,42,,,,,,,,,,,,,,,,,,
d,1289,78,45,,d,1289,78,45,,,,,,,,,,,,,,,,,,
d,1290,79,41,,d,1290,79,41,,,,,,,,,,,,,,,,,,
d,1291,79,41,,d,1291,79,41,,,,,,,,,,,,,,,,,,
d,1292,78,42,,d,1292,78,42,,,,,,,,,,,,,,,,,,
d,1293,79,41,,d,1293,79,41,,,,,,,,,,,,,,,,,,
d,1294,79,44,,d,1294,79,44,,,,,,,,,,,,,,,,,,
d,1295,77,43,,d,1295,77,43,,,,,,,,,,,,,,,,,,
d,1296,78,41,,d,1296,78,41,,,,,,,,,,,,,,,,,,
d,1297,78,42,,d,1297,78,42,,,,,,,,,,,,,,,,,,
d,1298,78,43,,d,1298,78,43,,,,,,,,,,,,,,,,,,
d,1299,79,44,,d,1299,79,44,,,,,,,,,,,,,,,,,,
d,1300,79,44,,d,1300,79,44,,,,,,,,,,,,,,,,,,
d,1301,80,44,,d,1301,80,44,,,,,,,,,,,,,,,,,,
d,1302,81,44,,d,1302,81,44,,,,,,,,,,,,,,,,,,
d,1303,82,46,,d,1303,82,46,,,,,,,,,,,,,,,,,,
d,1304,83,44,,d,1304,83,44,,,,,,,,,,,,,,,,,,
d,1305,84,44,,d,1305,84,44,,,,,,,,,,,,,,,,,,
d,1306,85,44,,d,1306,85,44,,,,,,,,,,,,,,,,,,
d,1307,86,43,,d,1307,86,43,,,,,,,,,,,,,,,,,,
d,1308,87,44,,d,1308,87,44,,,,,,,,,,,,,,,,,,
d,1309,88,44,,d,1309,88,44,,,,,,,,,,,,,,,,,,
d,1310,89,44,,d,1310,89,44,,,,,,,,,,,,,,,,,,
d,1311,90,42,,d,1311,90,42,,,,,,,,,,,,,,,,,,
d,1312,78,44,,d,1312,78,44,,,,,,,,,,,,,,,,,,
d,1313,79,43,,d,1313,79,43,,,,,,,,,,,,,,,,,,
d,1314,87,44,,d,1314,87,44,,,,,,,,,,,,,,,,,,
d,1315,88,44,,d,1315,88,44,,,,,,,,,,,,,,,,,,
d,1316,89,44,,d,1316,89,44,,,,,,,,,,,,,,,,,,
d,1317,90,44,,d,1317,90,44,,,,,,,,,,,,,,,,,,
d,1318,81,48,,d,1318,81,48,,,,,,,,,,,,,,,,,,
d,1319,82,44,,d,1319,82,44,,,,,,,,,,,,,,,,,,
d,1320,83,45,,d,1320,83,45,,,,,,,,,,,,,,,,,,
d,1321,88,44,,d,1321,88,44,,,,,,,,,,,,,,,,,,
d,1322,89,45,,d,1322,89,45,,,,,,,,,,,,,,,,,,
d,1323,90,45,,d,1323,90,45,,,,,,,,,,,,,,,,,,
d,1324,87,45,,d,1324,87,45,,,,,,,,,,,,,,,,,,
d,1325,88,45,,d,1325,88,45,,,,,,,,,,,,,,,,,,
d,1326,89,45,,d,1326,89,45,,,,,,,,,,,,,,,,,,
d,1327,90,45,,d,1327,90,45,,,,,,,,,,,,,,,,,,
d,1328,89,45,,d,1328,89,45,,,,,,,,,,,,,,,,,,
d,1329,90,45,,d,1329,90,45,,,,,,,,,,,,,,,,,,
d,1330,87,45,,d,1330,87,45,,,,,,,,,,,,,,,,,,
d,1331,88,45,,d,1331,88,45,,,,,,,,,,,,,,,,,,
d,1332,89,43,,d,1332,89,43,,,,,,,,,,,,,,,,,,
d,1333,90,46,,d,1333,90,46,,,,,,,,,,,,,,,,,,
d,1334,91,46,,d,1334,91,46,,,,,,,,,,,,,,,,,,
d,1335,82,45,,d,1335,82,45,,,,,,,,,,,,,,,,,,
d,1336,83,45,,d,1336,83,45,,,,,,,,,,,,,,,,,,
d,1337,88,44,,d,1337,88,44,,,,,,,,,,,,,,,,,,
d,1338,81,44,,d,1338,81,44,,,,,,,,,,,,,,,,,,
d,1339,82,45,,d,1339,82,45,,,,,,,,,,,,,,,,,,
d,1340,83,46,,d,1340,83,46,,,,,,,,,,,,,,,,,,
d,1341,88,45,,d,1341,88,45,,,,,,,,,,,,,,,,,,
d,1342,89,46,,d,1342,89,46,,,,,,,,,,,,,,,,,,
d,1343,90,45,,d,1343,90,45,,,,,,,,,,,,,,,,,,
d,1344,87,46,,d,1344,87,46,,,,,,,,,,,,,,,,,,
d,1345,88,46,,d,1345,88,46,,,,,,,,,,,,,,,,,,
d,1346,89,46,,d,1346,89,46,,,,,,,,,,,,,,,,,,
d,1347,88,45,,d,1347,88,45,,,,,,,,,,,,,,,,,,
d,1348,89,45,,d,1348,89,45,,,,,,,,,,,,,,,,,,
d,1349,90,46,,d,1349,90,46,,,,,,,,,,,,,,,,,,
d,1350,91,45,,d,1350,91,45,,,,,,,,,,,,,,,,,,
d,1351,88,45,,d,1351,88,45,,,,,,,,,,,,,,,,,,
d,1352,89,46,,d,1352,89,46,,,,,,,,,,,,,,,,,,
d,1353,81,47,,d,1353,81,47,,,,,,,,,,,,,,,,,,
d,1354,82,45,,d,1354,82,45,,,,,,,,,,,,,,,,,,
d,1355,82,45,,d,1355,82,45,,,,,,,,,,,,,,,,,,
d,1356,83,46,,d,1356,83,46,,,,,,,,,,,,,,,,,,
d,1357,84,46,,d,1357,84,46,,,,,,,,,,,,,,,,,,
d,1358,89,46,,d,1358,89,46,,,,,,,,,,,,,,,,,,
d,1359,87,44,,d,1359,87,44,,,,,,,,,,,,,,,,,,
d,1360,88,44,,d,1360,88,44,,,,,,,,,,,,,,,,,,
d,1361,88,43,,d,1361,88,43,,,,,,,,,,,,,,,,,,
d,1362,89,43,,d,1362,89,43,,,,,,,,,,,,,,,,,,
d,1363,90,45,,d,1363,90,45,,,,,,,,,,,,,,,,,,
d,1364,89,43,,d,1364,89,43,,,,,,,,,,,,,,,,,,
d,1365,90,45,,d,1365,90,45,,,,,,,,,,,,,,,,,,
d,1366,88,45,,d,1366,88,45,,,,,,,,,,,,,,,,,,
d,1367,88,45,,d,1367,88,45,,,,,,,,,,,,,,,,,,
d,1368,89,45,,d,1368,89,45,,,,,,,,,,,,,,,,,,
d,1369,90,44,,d,1369,90,44,,,,,,,,,,,,,,,,,,
d,1370,82,43,,d,1370,82,43,,,,,,,,,,,,,,,,,,
d,1371,83,45,,d,1371,83,45,,,,,,,,,,,,,,,,,,
d,1372,83,43,,d,1372,83,43,,,,,,,,,,,,,,,,,,
d,1373,89,44,,d,1373,89,44,,,,,,,,,,,,,,,,,,
d,1374,89,53,,d,1374,89,53,,,,,,,,,,,,,,,,,,
d,1375,82,44,,d,1375,82,44,,,,,,,,,,,,,,,,,,
d,1376,88,45,,d,1376,88,45,,,,,,,,,,,,,,,,,,
d,1377,89,44,,d,1377,89,44,,,,,,,,,,,,,,,,,,
d,1378,89,45,,d,1378,89,45,,,,,,,,,,,,,,,,,,
d,1379,90,44,,d,1379,90,44,,,,,,,,,,,,,,,,,,
d,1380,90,44,,d,1380,90,44,,,,,,,,,,,,,,,,,,
d,1381,88,44,,d,1381,88,44,,,,,,,,,,,,,,,,,,
d,1382,88,46,,d,1382,88,46,,,,,,,,,,,,,,,,,,
d,1383,89,44,,d,1383,89,44,,,,,,,,,,,,,,,,,,
d,1384,89,45,,d,1384,89,45,,,,,,,,,,,,,,,,,,
d,1385,90,44,,d,1385,90,44,,,,,,,,,,,,,,,,,,
d,1386,91,63,,d,1386,91,63,,,,,,,,,,,,,,,,,,
d,1387,83,44,,d,1387,83,44,,,,,,,,,,,,,,,,,,
d,1388,89,44,,d,1388,89,44,,,,,,,,,,,,,,,,,,
d,1389,89,44,,d,1389,89,44,,,,,,,,,,,,,,,,,,
d,1390,82,44,,d,1390,82,44,,,,,,,,,,,,,,,,,,
d,1391,83,44,,d,1391,83,44,,,,,,,,,,,,,,,,,,
d,1392,83,50,,d,1392,83,50,,,,,,,,,,,,,,,,,,
d,1393,89,44,,d,1393,89,44,,,,,,,,,,,,,,,,,,
d,1394,90,45,,d,1394,90,45,,,,,,,,,,,,,,,,,,
d,1395,90,46,,d,1395,90,46,,,,,,,,,,,,,,,,,,
d,1396,88,46,,d,1396,88,46,,,,,,,,,,,,,,,,,,
d,1397,89,47,,d,1397,89,47,,,,,,,,,,,,,,,,,,
d,1398,89,45,,d,1398,89,45,,,,,,,,,,,,,,,,,,
d,1399,89,45,,d,1399,89,45,,,,,,,,,,,,,,,,,,
d,1400,90,45,,d,1400,90,45,,,,,,,,,,,,,,,,,,
d,1401,90,57,,d,1401,90,57,,,,,,,,,,,,,,,,,,
d,1402,91,45,,d,1402,91,45,,,,,,,,,,,,,,,,,,
d,1403,89,45,,d,1403,89,45,,,,,,,,,,,,,,,,,,
d,1404,89,45,,d,1404,89,45,,,,,,,,,,,,,,,,,,
d,1405,82,45,,d,1405,82,45,,,,,,,,,,,,,,,,,,
d,1406,83,45,,d,1406,83,45,,,,,,,,,,,,,,,,,,
d,1407,83,46,,d,1407,83,46,,,,,,,,,,,,,,,,,,
d,1408,84,45,,d,1408,84,45,,,,,,,,,,,,,,,,,,
d,1409,84,45,,d,1409,84,45,,,,,,,,,,,,,,,,,,
d,1410,90,45,,d,1410,90,45,,,,,,,,,,,,,,,,,,
d,1411,88,45,,d,1411,88,45,,,,,,,,,,,,,,,,,,
d,1412,89,48,,d,1412,89,48,,,,,,,,,,,,,,,,,,
d,1413,89,46,,d,1413,89,46,,,,,,,,,,,,,,,,,,
d,1414,90,45,,d,1414,90,45,,,,,,,,,,,,,,,,,,
d,1415,90,45,,d,1415,90,45,,,,,,,,,,,,,,,,,,
d,1416,90,45,,d,1416,90,45,,,,,,,,,,,,,,,,,,
d,1417,91,46,,d,1417,91,46,,,,,,,,,,,,,,,,,,
d,1418,89,45,,d,1418,89,45,,,,,,,,,,,,,,,,,,
d,1419,89,45,,d,1419,89,45,,,,,,,,,,,,,,,,,,
d,1420,90,45,,d,1420,90,45,,,,,,,,,,,,,,,,,,
d,1421,90,45,,d,1421,90,45,,,,,,,,,,,,,,,,,,
d,1422,83,45,,d,1422,83,45,,,,,,,,,,,,,,,,,,
d,1423,84,45,,d,1423,84,45,,,,,,,,,,,,,,,,,,
d,1424,84,45,,d,1424,84,45,,,,,,,,,,,,,,,,,,
d,1425,90,45,,d,1425,90,45,,,,,,,,,,,,,,,,,,
d,1426,90,45,,d,1426,90,45,,,,,,,,,,,,,,,,,,
d,1427,83,45,,d,1427,83,45,,,,,,,,,,,,,,,,,,
d,1428,89,46,,d,1428,89,46,,,,,,,,,,,,,,,,,,
d,1429,90,45,,d,1429,90,45,,,,,,,,,,,,,,,,,,
d,1430,90,46,,d,1430,90,46,,,,,,,,,,,,,,,,,,
d,1431,91,45,,d,1431,91,45,,,,,,,,,,,,,,,,,,
d,1432,91,55,,d,1432,91,55,,,,,,,,,,,,,,,,,,
d,1433,89,46,,d,1433,89,46,,,,,,,,,,,,,,,,,,
d,1434,89,46,,d,1434,89,46,,,,,,,,,,,,,,,,,,
d,1435,90,46,,d,1435,90,46,,,,,,,,,,,,,,,,,,
d,1436,90,46,,d,1436,90,46,,,,,,,,,,,,,,,,,,
d,1437,91,46,,d,1437,91,46,,,,,,,,,,,,,,,,,,
d,1438,91,46,,d,1438,91,46,,,,,,,,,,,,,,,,,,
d,1439,84,46,,d,1439,84,46,,,,,,,,,,,,,,,,,,
d,1440,90,46,,d,1440,90,46,,,,,,,,,,,,,,,,,,
d,1441,90,46,,d,1441,90,46,,,,,,,,,,,,,,,,,,
d,1442,83,46,,d,1442,83,46,,,,,,,,,,,,,,,,,,
d,1443,84,46,,d,1443,84,46,,,,,,,,,,,,,,,,,,
d,1444,84,46,,d,1444,84,46,,,,,,,,,,,,,,,,,,
d,1445,90,46,,d,1445,90,46,,,,,,,,,,,,,,,,,,
d,1446,91,48,,d,1446,91,48,,,,,,,,,,,,,,,,,,
d,1447,91,47,,d,1447,91,47,,,,,,,,,,,,,,,,,,
d,1448,89,46,,d,1448,89,46,,,,,,,,,,,,,,,,,,
d,1449,90,46,,d,1449,90,46,,,,,,,,,,,,,,,,,,
d,1450,90,46,,d,1450,90,46,,,,,,,,,,,,,,,,,,
d,1451,90,46,,d,1451,90,46,,,,,,,,,,,,,,,,,,
d,1452,91,46,,d,1452,91,46,,,,,,,,,,,,,,,,,,
d,1453,91,46,,d,1453,91,46,,,,,,,,,,,,,,,,,,
d,1454,92,46,,d,1454,92,46,,,,,,,,,,,,,,,,,,
d,1455,93,47,,d,1455,93,47,,,,,,,,,,,,,,,,,,
d,1456,94,46,,d,1456,94,46,,,,,,,,,,,,,,,,,,
d,1457,95,51,,d,1457,95,51,,,,,,,,,,,,,,,,,,
d,1458,96,46,,d,1458,96,46,,,,,,,,,,,,,,,,,,
d,1459,84,47,,d,1459,84,47,,,,,,,,,,,,,,,,,,
d,1460,85,47,,d,1460,85,47,,,,,,,,,,,,,,,,,,
d,1461,93,47,,d,1461,93,47,,,,,,,,,,,,,,,,,,
d,1462,94,47,,d,1462,94,47,,,,,,,,,,,,,,,,,,
d,1463,95,47,,d,1463,95,47,,,,,,,,,,,,,,,,,,
d,1464,96,48,,d,1464,96,48,,,,,,,,,,,,,,,,,,
d,1465,90,47,,d,1465,90,47,,,,,,,,,,,,,,,,,,
d,1466,91,48,,d,1466,91,48,,,,,,,,,,,,,,,,,,
d,1467,91,47,,d,1467,91,47,,,,,,,,,,,,,,,,,,
d,1468,94,47,,d,1468,94,47,,,,,,,,,,,,,,,,,,
d,1469,95,47,,d,1469,95,47,,,,,,,,,,,,,,,,,,
d,1470,96,47,,d,1470,96,47,,,,,,,,,,,,,,,,,,
d,1471,93,55,,d,1471,93,55,,,,,,,,,,,,,,,,,,
d,1472,94,47,,d,1472,94,47,,,,,,,,,,,,,,,,,,
d,1473,95,47,,d,1473,95,47,,,,,,,,,,,,,,,,,,
d,1474,96,47,,d,1474,96,47,,,,,,,,,,,,,,,,,,
d,1475,95,50,,d,1475,95,50,,,,,,,,,,,,,,,,,,
d,1476,96,47,,d,1476,96,47,,,,,,,,,,,,,,,,,,
d,1477,93,48,,d,1477,93,48,,,,,,,,,,,,,,,,,,
d,1478,94,48,,d,1478,94,48,,,,,,,,,,,,,,,,,,
d,1479,95,47,,d,1479,95,47,,,,,,,,,,,,,,,,,,
d,1480,96,47,,d,1480,96,47,,,,,,,,,,,,,,,,,,
d,1481,97,47,,d,1481,97,47,,,,,,,,,,,,,,,,,,
d,1482,96,47,,d,1482,96,47,,,,,,,,,,,,,,,,,,
d,1483,97,49,,d,1483,97,49,,,,,,,,,,,,,,,,,,
d,1484,94,78,,d,1484,94,78,,,,,,,,,,,,,,,,,,
d,1485,95,48,,d,1485,95,48,,,,,,,,,,,,,,,,,,
d,1486,96,49,,d,1486,96,49,,,,,,,,,,,,,,,,,,
d,1487,97,47,,d,1487,97,47,,,,,,,,,,,,,,,,,,
d,1488,94,48,,d,1488,94,48,,,,,,,,,,,,,,,,,,
d,1489,95,48,,d,1489,95,48,,,,,,,,,,,,,,,,,,
d,1490,96,48,,d,1490,96,48,,,,,,,,,,,,,,,,,,
d,1491,93,48,,d,1491,93,48,,,,,,,,,,,,,,,,,,
d,1492,94,48,,d,1492,94,48,,,,,,,,,,,,,,,,,,
d,1493,95,48,,d,1493,95,48,,,,,,,,,,,,,,,,,,
d,1494,94,48,,d,1494,94,48,,,,,,,,,,,,,,,,,,
d,1495,95,48,,d,1495,95,48,,,,,,,,,,,,,,,,,,
d,1496,96,48,,d,1496,96,48,,,,,,,,,,,,,,,,,,
d,1497,97,49,,d,1497,97,49,,,,,,,,,,,,,,,,,,
d,1498,94,48,,d,1498,94,48,,,,,,,,,,,,,,,,,,
d,1499,95,70,,d,1499,95,70,,,,,,,,,,,,,,,,,,
d,1500,94,48,,d,1500,94,48,,,,,,,,,,,,,,,,,,
d,1501,95,80,,d,1501,95,80,,,,,,,,,,,,,,,,,,
d,1502,96,48,,d,1502,96,48,,,,,,,,,,,,,,,,,,
d,1503,97,50,,d,1503,97,50,,,,,,,,,,,,,,,,,,
d,1504,98,48,,d,1504,98,48,,,,,,,,,,,,,,,,,,
d,1505,99,48,,d,1505,99,48,,,,,,,,,,,,,,,,,,
d,1506,93,49,,d,1506,93,49,,,,,,,,,,,,,,,,,,
d,1507,94,48,,d,1507,94,48,,,,,,,,,,,,,,,,,,
d,1508,94,49,,d,1508,94,49,,,,,,,,,,,,,,,,,,
d,1509,95,48,,d,1509,95,48,,,,,,,,,,,,,,,,,,
d,1510,96,48,,d,1510,96,48,,,,,,,,,,,,,,,,,,
d,1511,99,49,,d,1511,99,49,,,,,,,,,,,,,,,,,,
d,1512,100,48,,d,1512,100,48,,,,,,,,,,,,,,,,,,
d,1513,94,48,,d,1513,94,48,,,,,,,,,,,,,,,,,,
d,1514,94,48,,d,1514,94,48,,,,,,,,,,,,,,,,,,
d,1515,95,48,,d,1515,95,48,,,,,,,,,,,,,,,,,,
d,1516,96,49,,d,1516,96,49,,,,,,,,,,,,,,,,,,
d,1517,95,51,,d,1517,95,51,,,,,,,,,,,,,,,,,,
d,1518,100,49,,d,1518,100,49,,,,,,,,,,,,,,,,,,
d,1519,101,49,,d,1519,101,49,,,,,,,,,,,,,,,,,,
d,1520,95,48,,d,1520,95,48,,,,,,,,,,,,,,,,,,
d,1521,99,49,,d,1521,99,49,,,,,,,,,,,,,,,,,,
d,1522,100,68,,d,1522,100,68,,,,,,,,,,,,,,,,,,
d,1523,94,51,,d,1523,94,51,,,,,,,,,,,,,,,,,,
d,1524,95,49,,d,1524,95,49,,,,,,,,,,,,,,,,,,
d,1525,101,50,,d,1525,101,50,,,,,,,,,,,,,,,,,,
d,1526,102,49,,d,1526,102,49,,,,,,,,,,,,,,,,,,
d,1527,99,49,,d,1527,99,49,,,,,,,,,,,,,,,,,,
d,1528,100,49,,d,1528,100,49,,,,,,,,,,,,,,,,,,
d,1529,94,49,,d,1529,94,49,,,,,,,,,,,,,,,,,,
d,1530,95,49,,d,1530,95,49,,,,,,,,,,,,,,,,,,
d,1531,95,49,,d,1531,95,49,,,,,,,,,,,,,,,,,,
d,1532,96,49,,d,1532,96,49,,,,,,,,,,,,,,,,,,
d,1533,97,49,,d,1533,97,49,,,,,,,,,,,,,,,,,,
d,1534,100,49,,d,1534,100,49,,,,,,,,,,,,,,,,,,
d,1535,101,50,,d,1535,101,50,,,,,,,,,,,,,,,,,,
d,1536,95,49,,d,1536,95,49,,,,,,,,,,,,,,,,,,
d,1537,95,49,,d,1537,95,49,,,,,,,,,,,,,,,,,,
d,1538,100,49,,d,1538,100,49,,,,,,,,,,,,,,,,,,
d,1539,101,49,,d,1539,101,49,,,,,,,,,,,,,,,,,,
d,1540,95,50,,d,1540,95,50,,,,,,,,,,,,,,,,,,
d,1541,99,70,,d,1541,99,70,,,,,,,,,,,,,,,,,,
d,1542,100,51,,d,1542,100,51,,,,,,,,,,,,,,,,,,
d,1543,94,51,,d,1543,94,51,,,,,,,,,,,,,,,,,,
d,1544,100,51,,d,1544,100,51,,,,,,,,,,,,,,,,,,
d,1545,101,51,,d,1545,101,51,,,,,,,,,,,,,,,,,,
d,1546,95,50,,d,1546,95,50,,,,,,,,,,,,,,,,,,
d,1547,96,50,,d,1547,96,50,,,,,,,,,,,,,,,,,,
d,1548,100,73,,d,1548,100,73,,,,,,,,,,,,,,,,,,
d,1549,101,54,,d,1549,101,54,,,,,,,,,,,,,,,,,,
d,1550,100,50,,d,1550,100,50,,,,,,,,,,,,,,,,,,
d,1551,101,50,,d,1551,101,50,,,,,,,,,,,,,,,,,,
d,1552,95,50,,d,1552,95,50,,,,,,,,,,,,,,,,,,
d,1553,96,50,,d,1553,96,50,,,,,,,,,,,,,,,,,,
d,1554,96,73,,d,1554,96,73,,,,,,,,,,,,,,,,,,
d,1555,101,50,,d,1555,101,50,,,,,,,,,,,,,,,,,,
d,1556,99,50,,d,1556,99,50,,,,,,,,,,,,,,,,,,
d,1557,100,51,,d,1557,100,51,,,,,,,,,,,,,,,,,,
d,1558,100,50,,d,1558,100,50,,,,,,,,,,,,,,,,,,
d,1559,101,50,,d,1559,101,50,,,,,,,,,,,,,,,,,,
d,1560,95,50,,d,1560,95,50,,,,,,,,,,,,,,,,,,
d,1561,101,50,,d,1561,101,50,,,,,,,,,,,,,,,,,,
d,1562,102,50,,d,1562,102,50,,,,,,,,,,,,,,,,,,
d,1563,100,56,,d,1563,100,56,,,,,,,,,,,,,,,,,,
d,1564,100,51,,d,1564,100,51,,,,,,,,,,,,,,,,,,
d,1565,101,50,,d,1565,101,50,,,,,,,,,,,,,,,,,,
d,1566,95,50,,d,1566,95,50,,,,,,,,,,,,,,,,,,
d,1567,101,51,,d,1567,101,51,,,,,,,,,,,,,,,,,,
d,1568,102,69,,d,1568,102,69,,,,,,,,,,,,,,,,,,
d,1569,96,50,,d,1569,96,50,,,,,,,,,,,,,,,,,,
d,1570,101,51,,d,1570,101,51,,,,,,,,,,,,,,,,,,
d,1571,101,50,,d,1571,101,50,,,,,,,,,,,,,,,,,,
d,1572,102,50,,d,1572,102,50,,,,,,,,,,,,,,,,,,
d,1573,100,50,,d,1573,100,50,,,,,,,,,,,,,,,,,,
d,1574,101,76,,d,1574,101,76,,,,,,,,,,,,,,,,,,
d,1575,101,51,,d,1575,101,51,,,,,,,,,,,,,,,,,,
d,1576,102,51,,d,1576,102,51,,,,,,,,,,,,,,,,,,
d,1577,102,52,,d,1577,102,52,,,,,,,,,,,,,,,,,,
d,1578,100,50,,d,1578,100,50,,,,,,,,,,,,,,,,,,
d,1579,100,50,,d,1579,100,50,,,,,,,,,,,,,,,,,,
d,1580,101,51,,d,1580,101,51,,,,,,,,,,,,,,,,,,
d,1581,101,56,,d,1581,101,56,,,,,,,,,,,,,,,,,,
d,1582,102,52,,d,1582,102,52,,,,,,,,,,,,,,,,,,
d,1583,96,51,,d,1583,96,51,,,,,,,,,,,,,,,,,,
d,1584,102,51,,d,1584,102,51,,,,,,,,,,,,,,,,,,
d,1585,101,51,,d,1585,101,51,,,,,,,,,,,,,,,,,,
d,1586,101,51,,d,1586,101,51,,,,,,,,,,,,,,,,,,
d,1587,101,51,,d,1587,101,51,,,,,,,,,,,,,,,,,,
d,1588,102,51,,d,1588,102,51,,,,,,,,,,,,,,,,,,
d,1589,96,51,,d,1589,96,51,,,,,,,,,,,,,,,,,,
d,1590,101,51,,d,1590,101,51,,,,,,,,,,,,,,,,,,
d,1591,102,51,,d,1591,102,51,,,,,,,,,,,,,,,,,,
d,1592,102,57,,d,1592,102,57,,,,,,,,,,,,,,,,,,
d,1593,100,57,,d,1593,100,57,,,,,,,,,,,,,,,,,,
d,1594,101,51,,d,1594,101,51,,,,,,,,,,,,,,,,,,
d,1595,101,51,,d,1595,101,51,,,,,,,,,,,,,,,,,,
d,1596,101,52,,d,1596,101,52,,,,,,,,,,,,,,,,,,
d,1597,102,51,,d,1597,102,51,,,,,,,,,,,,,,,,,,
d,1598,102,51,,d,1598,102,51,,,,,,,,,,,,,,,,,,
d,1599,103,60,,d,1599,103,60,,,,,,,,,,,,,,,,,,
d,1600,101,52,,d,1600,101,52,,,,,,,,,,,,,,,,,,
d,1601,101,70,,d,1601,101,70,,,,,,,,,,,,,,,,,,
d,1602,101,51,,d,1602,101,51,,,,,,,,,,,,,,,,,,
d,1603,102,52,,d,1603,102,52,,,,,,,,,,,,,,,,,,
d,1604,102,51,,d,1604,102,51,,,,,,,,,,,,,,,,,,
d,1605,103,92,,d,1605,103,92,,,,,,,,,,,,,,,,,,
d,1606,97,52,,d,1606,97,52,,,,,,,,,,,,,,,,,,
d,1607,102,52,,d,1607,102,52,,,,,,,,,,,,,,,,,,
d,1608,100,52,,d,1608,100,52,,,,,,,,,,,,,,,,,,
d,1609,101,52,,d,1609,101,52,,,,,,,,,,,,,,,,,,
d,1610,101,53,,d,1610,101,53,,,,,,,,,,,,,,,,,,
d,1611,102,52,,d,1611,102,52,,,,,,,,,,,,,,,,,,
d,1612,102,51,,d,1612,102,51,,,,,,,,,,,,,,,,,,
d,1613,102,52,,d,1613,102,52,,,,,,,,,,,,,,,,,,
d,1614,103,52,,d,1614,103,52,,,,,,,,,,,,,,,,,,
d,1615,101,52,,d,1615,101,52,,,,,,,,,,,,,,,,,,
d,1616,101,52,,d,1616,101,52,,,,,,,,,,,,,,,,,,
d,1617,102,52,,d,1617,102,52,,,,,,,,,,,,,,,,,,
d,1618,102,52,,d,1618,102,52,,,,,,,,,,,,,,,,,,
d,1619,102,59,,d,1619,102,59,,,,,,,,,,,,,,,,,,
d,1620,103,53,,d,1620,103,53,,,,,,,,,,,,,,,,,,
d,1621,103,52,,d,1621,103,52,,,,,,,,,,,,,,,,,,
d,1622,102,60,,d,1622,102,60,,,,,,,,,,,,,,,,,,
d,1623,102,52,,d,1623,102,52,,,,,,,,,,,,,,,,,,
d,1624,102,63,,d,1624,102,63,,,,,,,,,,,,,,,,,,
d,1625,101,52,,d,1625,101,52,,,,,,,,,,,,,,,,,,
d,1626,102,92,,d,1626,102,92,,,,,,,,,,,,,,,,,,
d,1627,102,52,,d,1627,102,52,,,,,,,,,,,,,,,,,,
d,1628,103,52,,d,1628,103,52,,,,,,,,,,,,,,,,,,
d,1629,103,52,,d,1629,103,52,,,,,,,,,,,,,,,,,,
d,1630,101,52,,d,1630,101,52,,,,,,,,,,,,,,,,,,
d,1631,101,53,,d,1631,101,53,,,,,,,,,,,,,,,,,,
d,1632,102,52,,d,1632,102,52,,,,,,,,,,,,,,,,,,
d,1633,102,52,,d,1633,102,52,,,,,,,,,,,,,,,,,,
d,1634,103,53,,d,1634,103,53,,,,,,,,,,,,,,,,,,
d,1635,103,53,,d,1635,103,53,,,,,,,,,,,,,,,,,,
d,1636,103,65,,d,1636,103,65,,,,,,,,,,,,,,,,,,
d,1637,102,53,,d,1637,102,53,,,,,,,,,,,,,,,,,,
d,1638,102,52,,d,1638,102,52,,,,,,,,,,,,,,,,,,
d,1639,102,53,,d,1639,102,53,,,,,,,,,,,,,,,,,,
d,1640,103,53,,d,1640,103,53,,,,,,,,,,,,,,,,,,
d,1641,103,54,,d,1641,103,54,,,,,,,,,,,,,,,,,,
d,1642,102,53,,d,1642,102,53,,,,,,,,,,,,,,,,,,
d,1643,103,53,,d,1643,103,53,,,,,,,,,,,,,,,,,,
d,1644,103,53,,d,1644,103,53,,,,,,,,,,,,,,,,,,
d,1645,101,52,,d,1645,101,52,,,,,,,,,,,,,,,,,,
d,1646,102,85,,d,1646,102,85,,,,,,,,,,,,,,,,,,
d,1647,102,53,,d,1647,102,53,,,,,,,,,,,,,,,,,,
d,1648,102,53,,d,1648,102,53,,,,,,,,,,,,,,,,,,
d,1649,103,63,,d,1649,103,63,,,,,,,,,,,,,,,,,,
d,1650,103,53,,d,1650,103,53,,,,,,,,,,,,,,,,,,
d,1651,104,53,,d,1651,104,53,,,,,,,,,,,,,,,,,,
d,1652,105,73,,d,1652,105,73,,,,,,,,,,,,,,,,,,
d,1653,106,74,,d,1653,106,74,,,,,,,,,,,,,,,,,,
d,1654,107,53,,d,1654,107,53,,,,,,,,,,,,,,,,,,
d,1655,108,53,,d,1655,108,53,,,,,,,,,,,,,,,,,,
d,1656,109,53,,d,1656,109,53,,,,,,,,,,,,,,,,,,
d,1657,110,54,,d,1657,110,54,,,,,,,,,,,,,,,,,,
d,1658,111,53,,d,1658,111,53,,,,,,,,,,,,,,,,,,
d,1659,112,62,,d,1659,112,62,,,,,,,,,,,,,,,,,,
d,1660,113,86,,d,1660,113,86,,,,,,,,,,,,,,,,,,
d,1661,114,54,,d,1661,114,54,,,,,,,,,,,,,,,,,,
d,1662,102,53,,d,1662,102,53,,,,,,,,,,,,,,,,,,
d,1663,103,53,,d,1663,103,53,,,,,,,,,,,,,,,,,,
d,1664,111,54,,d,1664,111,54,,,,,,,,,,,,,,,,,,
d,1665,112,53,,d,1665,112,53,,,,,,,,,,,,,,,,,,
d,1666,113,53,,d,1666,113,53,,,,,,,,,,,,,,,,,,
d,1667,114,53,,d,1667,114,53,,,,,,,,,,,,,,,,,,
d,1668,105,53,,d,1668,105,53,,,,,,,,,,,,,,,,,,
d,1669,106,53,,d,1669,106,53,,,,,,,,,,,,,,,,,,
d,1670,107,53,,d,1670,107,53,,,,,,,,,,,,,,,,,,
d,1671,112,54,,d,1671,112,54,,,,,,,,,,,,,,,,,,
d,1672,113,60,,d,1672,113,60,,,,,,,,,,,,,,,,,,
d,1673,114,67,,d,1673,114,67,,,,,,,,,,,,,,,,,,
d,1674,111,54,,d,1674,111,54,,,,,,,,,,,,,,,,,,
d,1675,112,54,,d,1675,112,54,,,,,,,,,,,,,,,,,,
d,1676,113,75,,d,1676,113,75,,,,,,,,,,,,,,,,,,
d,1677,114,55,,d,1677,114,55,,,,,,,,,,,,,,,,,,
d,1678,113,54,,d,1678,113,54,,,,,,,,,,,,,,,,,,
d,1679,114,54,,d,1679,114,54,,,,,,,,,,,,,,,,,,
d,1680,111,54,,d,1680,111,54,,,,,,,,,,,,,,,,,,
d,1681,112,58,,d,1681,112,58,,,,,,,,,,,,,,,,,,
d,1682,113,57,,d,1682,113,57,,,,,,,,,,,,,,,,,,
d,1683,114,56,,d,1683,114,56,,,,,,,,,,,,,,,,,,
d,1684,115,54,,d,1684,115,54,,,,,,,,,,,,,,,,,,
d,1685,106,61,,d,1685,106,61,,,,,,,,,,,,,,,,,,
d,1686,107,64,,d,1686,107,64,,,,,,,,,,,,,,,,,,
d,1687,112,55,,d,1687,112,55,,,,,,,,,,,,,,,,,,
d,1688,105,56,,d,1688,105,56,,,,,,,,,,,,,,,,,,
d,1689,106,54,,d,1689,106,54,,,,,,,,,,,,,,,,,,
d,1690,107,54,,d,1690,107,54,,,,,,,,,,,,,,,,,,
d,1691,112,54,,d,1691,112,54,,,,,,,,,,,,,,,,,,
d,1692,113,54,,d,1692,113,54,,,,,,,,,,,,,,,,,,
d,1693,114,55,,d,1693,114,55,,,,,,,,,,,,,,,,,,
d,1694,111,54,,d,1694,111,54,,,,,,,,,,,,,,,,,,
d,1695,112,55,,d,1695,112,55,,,,,,,,,,,,,,,,,,
d,1696,113,54,,d,1696,113,54,,,,,,,,,,,,,,,,,,
d,1697,112,55,,d,1697,112,55,,,,,,,,,,,,,,,,,,
d,1698,113,55,,d,1698,113,55,,,,,,,,,,,,,,,,,,
d,1699,114,55,,d,1699,114,55,,,,,,,,,,,,,,,,,,
d,1700,115,58,,d,1700,115,58,,,,,,,,,,,,,,,,,,
d,1701,112,58,,d,1701,112,58,,,,,,,,,,,,,,,,,,
d,1702,113,58,,d,1702,113,58,,,,,,,,,,,,,,,,,,
d,1703,105,57,,d,1703,105,57,,,,,,,,,,,,,,,,,,
d,1704,106,55,,d,1704,106,55,,,,,,,,,,,,,,,,,,
d,1705,106,55,,d,1705,106,55,,,,,,,,,,,,,,,,,,
d,1706,107,55,,d,1706,107,55,,,,,,,,,,,,,,,,,,
d,1707,108,55,,d,1707,108,55,,,,,,,,,,,,,,,,,,
d,1708,113,55,,d,1708,113,55,,,,,,,,,,,,,,,,,,
d,1709,111,64,,d,1709,111,64,,,,,,,,,,,,,,,,,,
d,1710,112,55,,d,1710,112,55,,,,,,,,,,,,,,,,,,
d,1711,112,56,,d,1711,112,56,,,,,,,,,,,,,,,,,,
d,1712,113,55,,d,1712,113,55,,,,,,,,,,,,,,,,,,
d,1713,114,54,,d,1713,114,54,,,,,,,,,,,,,,,,,,
d,1714,113,60,,d,1714,113,60,,,,,,,,,,,,,,,,,,
d,1715,114,55,,d,1715,114,55,,,,,,,,,,,,,,,,,,
d,1716,112,55,,d,1716,112,55,,,,,,,,,,,,,,,,,,
d,1717,112,75,,d,1717,112,75,,,,,,,,,,,,,,,,,,
d,1718,113,55,,d,1718,113,55,,,,,,,,,,,,,,,,,,
d,1719,114,55,,d,1719,114,55,,,,,,,,,,,,,,,,,,
d,1720,106,58,,d,1720,106,58,,,,,,,,,,,,,,,,,,
d,1721,107,59,,d,1721,107,59,,,,,,,,,,,,,,,,,,
d,1722,107,57,,d,1722,107,57,,,,,,,,,,,,,,,,,,
d,1723,113,64,,d,1723,113,64,,,,,,,,,,,,,,,,,,
d,1724,113,56,,d,1724,113,56,,,,,,,,,,,,,,,,,,
d,1725,106,56,,d,1725,106,56,,,,,,,,,,,,,,,,,,
d,1726,112,76,,d,1726,112,76,,,,,,,,,,,,,,,,,,
d,1727,113,56,,d,1727,113,56,,,,,,,,,,,,,,,,,,
d,1728,113,55,,d,1728,113,55,,,,,,,,,,,,,,,,,,
d,1729,114,55,,d,1729,114,55,,,,,,,,,,,,,,,,,,
d,1730,114,55,,d,1730,114,55,,,,,,,,,,,,,,,,,,
d,1731,112,77,,d,1731,112,77,,,,,,,,,,,,,,,,,,
d,1732,112,57,,d,1732,112,57,,,,,,,,,,,,,,,,,,
d,1733,113,58,,d,1733,113,58,,,,,,,,,,,,,,,,,,
d,1734,113,57,,d,1734,113,57,,,,,,,,,,,,,,,,,,
d,1735,114,59,,d,1735,114,59,,,,,,,,,,,,,,,,,,
d,1736,115,57,,d,1736,115,57,,,,,,,,,,,,,,,,,,
d,1737,107,78,,d,1737,107,78,,,,,,,,,,,,,,,,,,
d,1738,113,60,,d,1738,113,60,,,,,,,,,,,,,,,,,,
d,1739,113,59,,d,1739,113,59,,,,,,,,,,,,,,,,,,
d,1740,106,59,,d,1740,106,59,,,,,,,,,,,,,,,,,,
d,1741,107,56,,d,1741,107,56,,,,,,,,,,,,,,,,,,
d,1742,107,56,,d,1742,107,56,,,,,,,,,,,,,,,,,,
d,1743,113,56,,d,1743,113,56,,,,,,,,,,,,,,,,,,
d,1744,114,57,,d,1744,114,57,,,,,,,,,,,,,,,,,,
d,1745,114,55,,d,1745,114,55,,,,,,,,,,,,,,,,,,
d,1746,112,56,,d,1746,112,56,,,,,,,,,,,,,,,,,,
d,1747,113,56,,d,1747,113,56,,,,,,,,,,,,,,,,,,
d,1748,113,56,,d,1748,113,56,,,,,,,,,,,,,,,,,,
d,1749,113,63,,d,1749,113,63,,,,,,,,,,,,,,,,,,
d,1750,114,56,,d,1750,114,56,,,,,,,,,,,,,,,,,,
d,1751,114,58,,d,1751,114,58,,,,,,,,,,,,,,,,,,
d,1752,115,56,,d,1752,115,56,,,,,,,,,,,,,,,,,,
d,1753,113,56,,d,1753,113,56,,,,,,,,,,,,,,,,,,
d,1754,113,65,,d,1754,113,65,,,,,,,,,,,,,,,,,,
d,1755,106,68,,d,1755,106,68,,,,,,,,,,,,,,,,,,
d,1756,107,56,,d,1756,107,56,,,,,,,,,,,,,,,,,,
d,1757,107,61,,d,1757,107,61,,,,,,,,,,,,,,,,,,
d,1758,108,60,,d,1758,108,60,,,,,,,,,,,,,,,,,,
d,1759,108,60,,d,1759,108,60,,,,,,,,,,,,,,,,,,
d,1760,114,59,,d,1760,114,59,,,,,,,,,,,,,,,,,,
d,1761,112,57,,d,1761,112,57,,,,,,,,,,,,,,,,,,
d,1762,113,67,,d,1762,113,67,,,,,,,,,,,,,,,,,,
d,1763,113,56,,d,1763,113,56,,,,,,,,,,,,,,,,,,
d,1764,114,58,,d,1764,114,58,,,,,,,,,,,,,,,,,,
d,1765,114,64,,d,1765,114,64,,,,,,,,,,,,,,,,,,
d,1766,114,58,,d,1766,114,58,,,,,,,,,,,,,,,,,,
d,1767,115,58,,d,1767,115,58,,,,,,,,,,,,,,,,,,
d,1768,113,57,,d,1768,113,57,,,,,,,,,,,,,,,,,,
d,1769,113,58,,d,1769,113,58,,,,,,,,,,,,,,,,,,
d,1770,114,57,,d,1770,114,57,,,,,,,,,,,,,,,,,,
d,1771,114,57,,d,1771,114,57,,,,,,,,,,,,,,,,,,
d,1772,107,57,,d,1772,107,57,,,,,,,,,,,,,,,,,,
d,1773,108,59,,d,1773,108,59,,,,,,,,,,,,,,,,,,
d,1774,108,57,,d,1774,108,57,,,,,,,,,,,,,,,,,,
d,1775,114,56,,d,1775,114,56,,,,,,,,,,,,,,,,,,
d,1776,114,57,,d,1776,114,57,,,,,,,,,,,,,,,,,,
d,1777,107,99,,d,1777,107,99,,,,,,,,,,,,,,,,,,
d,1778,113,57,,d,1778,113,57,,,,,,,,,,,,,,,,,,
d,1779,114,57,,d,1779,114,57,,,,,,,,,,,,,,,,,,
d,1780,114,57,,d,1780,114,57,,,,,,,,,,,,,,,,,,
d,1781,115,57,,d,1781,115,57,,,,,,,,,,,,,,,,,,
d,1782,115,56,,d,1782,115,56,,,,,,,,,,,,,,,,,,
d,1783,113,57,,d,1783,113,57,,,,,,,,,,,,,,,,,,
d,1784,113,71,,d,1784,113,71,,,,,,,,,,,,,,,,,,
d,1785,114,61,,d,1785,114,61,,,,,,,,,,,,,,,,,,
d,1786,114,61,,d,1786,114,61,,,,,,,,,,,,,,,,,,
d,1787,115,59,,d,1787,115,59,,,,,,,,,,,,,,,,,,
d,1788,115,60,,d,1788,115,60,,,,,,,,,,,,,,,,,,
d,1789,108,60,,d,1789,108,60,,,,,,,,,,,,,,,,,,
d,1790,114,57,,d,1790,114,57,,,,,,,,,,,,,,,,,,
d,1791,114,58,,d,1791,114,58,,,,,,,,,,,,,,,,,,
d,1792,107,58,,d,1792,107,58,,,,,,,,,,,,,,,,,,
d,1793,108,57,,d,1793,108,57,,,,,,,,,,,,,,,,,,
d,1794,108,57,,d,1794,108,57,,,,,,,,,,,,,,,,,,
d,1795,114,58,,d,1795,114,58,,,,,,,,,,,,,,,,,,
d,1796,115,58,,d,1796,115,58,,,,,,,,,,,,,,,,,,
d,1797,115,60,,d,1797,115,60,,,,,,,,,,,,,,,,,,
d,1798,113,58,,d,1798,113,58,,,,,,,,,,,,,,,,,,
d,1799,114,60,,d,1799,114,60,,,,,,,,,,,,,,,,,,
d,1800,114,62,,d,1800,114,62,,,,,,,,,,,,,,,,,,
d,1801,114,71,,d,1801,114,71,,,,,,,,,,,,,,,,,,
d,1802,115,63,,d,1802,115,63,,,,,,,,,,,,,,,,,,
d,1803,115,61,,d,1803,115,61,,,,,,,,,,,,,,,,,,
d,1804,116,84,,d,1804,116,84,,,,,,,,,,,,,,,,,,
d,1805,117,61,,d,1805,117,61,,,,,,,,,,,,,,,,,,
d,1806,118,59,,d,1806,118,59,,,,,,,,,,,,,,,,,,
d,1807,119,58,,d,1807,119,58,,,,,,,,,,,,,,,,,,
d,1808,120,58,,d,1808,120,58,,,,,,,,,,,,,,,,,,
d,1809,108,58,,d,1809,108,58,,,,,,,,,,,,,,,,,,
d,1810,109,58,,d,1810,109,58,,,,,,,,,,,,,,,,,,
d,1811,117,58,,d,1811,117,58,,,,,,,,,,,,,,,,,,
d,1812,118,60,,d,1812,118,60,,,,,,,,,,,,,,,,,,
d,1813,119,58,,d,1813,119,58,,,,,,,,,,,,,,,,,,
d,1814,120,61,,d,1814,120,61,,,,,,,,,,,,,,,,,,
d,1815,114,62,,d,1815,114,62,,,,,,,,,,,,,,,,,,
d,1816,115,58,,d,1816,115,58,,,,,,,,,,,,,,,,,,
d,1817,115,59,,d,1817,115,59,,,,,,,,,,,,,,,,,,
d,1818,118,60,,d,1818,118,60,,,,,,,,,,,,,,,,,,
d,1819,119,59,,d,1819,119,59,,,,,,,,,,,,,,,,,,
d,1820,120,60,,d,1820,120,60,,,,,,,,,,,,,,,,,,
d,1821,117,59,,d,1821,117,59,,,,,,,,,,,,,,,,,,
d,1822,118,94,,d,1822,118,94,,,,,,,,,,,,,,,,,,
d,1823,119,60,,d,1823,119,60,,,,,,,,,,,,,,,,,,
d,1824,120,69,,d,1824,120,69,,,,,,,,,,,,,,,,,,
d,1825,119,59,,d,1825,119,59,,,,,,,,,,,,,,,,,,
d,1826,120,100,,d,1826,120,100,,,,,,,,,,,,,,,,,,
d,1827,117,60,,d,1827,117,60,,,,,,,,,,,,,,,,,,
d,1828,118,59,,d,1828,118,59,,,,,,,,,,,,,,,,,,
d,1829,119,60,,d,1829,119,60,,,,,,,,,,,,,,,,,,
d,1830,120,59,,d,1830,120,59,,,,,,,,,,,,,,,,,,
d,1831,121,62,,d,1831,121,62,,,,,,,,,,,,,,,,,,
d,1832,120,59,,d,1832,120,59,,,,,,,,,,,,,,,,,,
d,1833,121,59,,d,1833,121,59,,,,,,,,,,,,,,,,,,
d,1834,118,59,,d,1834,118,59,,,,,,,,,,,,,,,,,,
d,1835,119,59,,d,1835,119,59,,,,,,,,,,,,,,,,,,
d,1836,120,59,,d,1836,120,59,,,,,,,,,,,,,,,,,,
d,1837,121,101,,d,1837,121,101,,,,,,,,,,,,,,,,,,
d,1838,118,59,,d,1838,118,59,,,,,,,,,,,,,,,,,,
d,1839,119,59,,d,1839,119,59,,,,,,,,,,,,,,,,,,
d,1840,120,59,,d,1840,120,59,,,,,,,,,,,,,,,,,,
d,1841,117,59,,d,1841,117,59,,,,,,,,,,,,,,,,,,
d,1842,118,60,,d,1842,118,60,,,,,,,,,,,,,,,,,,
d,1843,119,59,,d,1843,119,59,,,,,,,,,,,,,,,,,,
d,1844,118,60,,d,1844,118,60,,,,,,,,,,,,,,,,,,
d,1845,119,60,,d,1845,119,60,,,,,,,,,,,,,,,,,,
d,1846,120,59,,d,1846,120,59,,,,,,,,,,,,,,,,,,
d,1847,121,60,,d,1847,121,60,,,,,,,,,,,,,,,,,,
d,1848,118,59,,d,1848,118,59,,,,,,,,,,,,,,,,,,
d,1849,119,59,,d,1849,119,59,,,,,,,,,,,,,,,,,,
d,1850,118,78,,d,1850,118,78,,,,,,,,,,,,,,,,,,
d,1851,119,59,,d,1851,119,59,,,,,,,,,,,,,,,,,,
d,1852,120,59,,d,1852,120,59,,,,,,,,,,,,,,,,,,
d,1853,121,59,,d,1853,121,59,,,,,,,,,,,,,,,,,,
d,1854,122,59,,d,1854,122,59,,,,,,,,,,,,,,,,,,
d,1855,123,59,,d,1855,123,59,,,,,,,,,,,,,,,,,,
d,1856,117,60,,d,1856,117,60,,,,,,,,,,,,,,,,,,
d,1857,118,81,,d,1857,118,81,,,,,,,,,,,,,,,,,,
d,1858,118,60,,d,1858,118,60,,,,,,,,,,,,,,,,,,
d,1859,119,60,,d,1859,119,60,,,,,,,,,,,,,,,,,,
d,1860,120,60,,d,1860,120,60,,,,,,,,,,,,,,,,,,
d,1861,123,60,,d,1861,123,60,,,,,,,,,,,,,,,,,,
d,1862,124,92,,d,1862,124,92,,,,,,,,,,,,,,,,,,
d,1863,118,60,,d,1863,118,60,,,,,,,,,,,,,,,,,,
d,1864,118,60,,d,1864,118,60,,,,,,,,,,,,,,,,,,
d,1865,119,62,,d,1865,119,62,,,,,,,,,,,,,,,,,,
d,1866,120,60,,d,1866,120,60,,,,,,,,,,,,,,,,,,
d,1867,119,60,,d,1867,119,60,,,,,,,,,,,,,,,,,,
d,1868,124,60,,d,1868,124,60,,,,,,,,,,,,,,,,,,
d,1869,125,60,,d,1869,125,60,,,,,,,,,,,,,,,,,,
d,1870,119,61,,d,1870,119,61,,,,,,,,,,,,,,,,,,
d,1871,123,60,,d,1871,123,60,,,,,,,,,,,,,,,,,,
d,1872,124,61,,d,1872,124,61,,,,,,,,,,,,,,,,,,
d,1873,118,61,,d,1873,118,61,,,,,,,,,,,,,,,,,,
d,1874,119,61,,d,1874,119,61,,,,,,,,,,,,,,,,,,
d,1875,125,61,,d,1875,125,61,,,,,,,,,,,,,,,,,,
d,1876,126,60,,d,1876,126,60,,,,,,,,,,,,,,,,,,
d,1877,123,60,,d,1877,123,60,,,,,,,,,,,,,,,,,,
d,1878,124,60,,d,1878,124,60,,,,,,,,,,,,,,,,,,
d,1879,118,61,,d,1879,118,61,,,,,,,,,,,,,,,,,,
d,1880,119,61,,d,1880,119,61,,,,,,,,,,,,,,,,,,
d,1881,119,62,,d,1881,119,62,,,,,,,,,,,,,,,,,,
d,1882,120,61,,d,1882,120,61,,,,,,,,,,,,,,,,,,
d,1883,121,61,,d,1883,121,61,,,,,,,,,,,,,,,,,,
d,1884,124,60,,d,1884,124,60,,,,,,,,,,,,,,,,,,
d,1885,125,61,,d,1885,125,61,,,,,,,,,,,,,,,,,,
d,1886,119,62,,d,1886,119,62,,,,,,,,,,,,,,,,,,
d,1887,119,61,,d,1887,119,61,,,,,,,,,,,,,,,,,,
d,1888,124,61,,d,1888,124,61,,,,,,,,,,,,,,,,,,
d,1889,125,61,,d,1889,125,61,,,,,,,,,,,,,,,,,,
d,1890,119,61,,d,1890,119,61,,,,,,,,,,,,,,,,,,
d,1891,123,61,,d,1891,123,61,,,,,,,,,,,,,,,,,,
d,1892,124,61,,d,1892,124,61,,,,,,,,,,,,,,,,,,
d,1893,118,61,,d,1893,118,61,,,,,,,,,,,,,,,,,,
d,1894,124,61,,d,1894,124,61,,,,,,,,,,,,,,,,,,
d,1895,125,61,,d,1895,125,61,,,,,,,,,,,,,,,,,,
d,1896,119,86,,d,1896,119,86,,,,,,,,,,,,,,,,,,
d,1897,120,61,,d,1897,120,61,,,,,,,,,,,,,,,,,,
d,1898,124,61,,d,1898,124,61,,,,,,,,,,,,,,,,,,
d,1899,125,93,,d,1899,125,93,,,,,,,,,,,,,,,,,,
d,1900,124,61,,d,1900,124,61,,,,,,,,,,,,,,,,,,
d,1901,125,61,,d,1901,125,61,,,,,,,,,,,,,,,,,,
d,1902,119,62,,d,1902,119,62,,,,,,,,,,,,,,,,,,
d,1903,120,61,,d,1903,120,61,,,,,,,,,,,,,,,,,,
d,1904,120,62,,d,1904,120,62,,,,,,,,,,,,,,,,,,
d,1905,125,61,,d,1905,125,61,,,,,,,,,,,,,,,,,,
d,1906,123,61,,d,1906,123,61,,,,,,,,,,,,,,,,,,
d,1907,124,61,,d,1907,124,61,,,,,,,,,,,,,,,,,,
d,1908,124,61,,d,1908,124,61,,,,,,,,,,,,,,,,,,
d,1909,125,61,,d,1909,125,61,,,,,,,,,,,,,,,,,,
d,1910,119,62,,d,1910,119,62,,,,,,,,,,,,,,,,,,
d,1911,125,61,,d,1911,125,61,,,,,,,,,,,,,,,,,,
d,1912,126,61,,d,1912,126,61,,,,,,,,,,,,,,,,,,
d,1913,124,64,,d,1913,124,64,,,,,,,,,,,,,,,,,,
d,1914,124,61,,d,1914,124,61,,,,,,,,,,,,,,,,,,
d,1915,125,61,,d,1915,125,61,,,,,,,,,,,,,,,,,,
d,1916,119,61,,d,1916,119,61,,,,,,,,,,,,,,,,,,
d,1917,125,62,,d,1917,125,62,,,,,,,,,,,,,,,,,,
d,1918,126,61,,d,1918,126,61,,,,,,,,,,,,,,,,,,
d,1919,120,62,,d,1919,120,62,,,,,,,,,,,,,,,,,,
d,1920,125,63,,d,1920,125,63,,,,,,,,,,,,,,,,,,
d,1921,125,62,,d,1921,125,62,,,,,,,,,,,,,,,,,,
d,1922,126,93,,d,1922,126,93,,,,,,,,,,,,,,,,,,
d,1923,124,62,,d,1923,124,62,,,,,,,,,,,,,,,,,,
d,1924,125,62,,d,1924,125,62,,,,,,,,,,,,,,,,,,
d,1925,125,63,,d,1925,125,63,,,,,,,,,,,,,,,,,,
d,1926,126,62,,d,1926,126,62,,,,,,,,,,,,,,,,,,
d,1927,126,62,,d,1927,126,62,,,,,,,,,,,,,,,,,,
d,1928,124,63,,d,1928,124,63,,,,,,,,,,,,,,,,,,
d,1929,124,62,,d,1929,124,62,,,,,,,,,,,,,,,,,,
d,1930,125,62,,d,1930,125,62,,,,,,,,,,,,,,,,,,
d,1931,125,62,,d,1931,125,62,,,,,,,,,,,,,,,,,,
d,1932,126,62,,d,1932,126,62,,,,,,,,,,,,,,,,,,
d,1933,120,62,,d,1933,120,62,,,,,,,,,,,,,,,,,,
d,1934,126,62,,d,1934,126,62,,,,,,,,,,,,,,,,,,
d,1935,125,63,,d,1935,125,63,,,,,,,,,,,,,,,,,,
d,1936,125,62,,d,1936,125,62,,,,,,,,,,,,,,,,,,
d,1937,125,63,,d,1937,125,63,,,,,,,,,,,,,,,,,,
d,1938,126,63,,d,1938,126,63,,,,,,,,,,,,,,,,,,
d,1939,120,62,,d,1939,120,62,,,,,,,,,,,,,,,,,,
d,1940,125,63,,d,1940,125,63,,,,,,,,,,,,,,,,,,
d,1941,126,75,,d,1941,126,75,,,,,,,,,,,,,,,,,,
d,1942,126,62,,d,1942,126,62,,,,,,,,,,,,,,,,,,
d,1943,124,63,,d,1943,124,63,,,,,,,,,,,,,,,,,,
d,1944,125,63,,d,1944,125,63,,,,,,,,,,,,,,,,,,
d,1945,125,63,,d,1945,125,63,,,,,,,,,,,,,,,,,,
d,1946,125,63,,d,1946,125,63,,,,,,,,,,,,,,,,,,
d,1947,126,63,,d,1947,126,63,,,,,,,,,,,,,,,,,,
d,1948,126,63,,d,1948,126,63,,,,,,,,,,,,,,,,,,
d,1949,127,63,,d,1949,127,63,,,,,,,,,,,,,,,,,,
d,1950,125,63,,d,1950,125,63,,,,,,,,,,,,,,,,,,
d,1951,125,63,,d,1951,125,63,,,,,,,,,,,,,,,,,,
d,1952,125,64,,d,1952,125,64,,,,,,,,,,,,,,,,,,
d,1953,126,63,,d,1953,126,63,,,,,,,,,,,,,,,,,,
d,1954,126,86,,d,1954,126,86,,,,,,,,,,,,,,,,,,
d,1955,127,63,,d,1955,127,63,,,,,,,,,,,,,,,,,,
d,1956,121,65,,d,1956,121,65,,,,,,,,,,,,,,,,,,
d,1957,126,65,,d,1957,126,65,,,,,,,,,,,,,,,,,,
d,1958,124,63,,d,1958,124,63,,,,,,,,,,,,,,,,,,
d,1959,125,62,,d,1959,125,62,,,,,,,,,,,,,,,,,,
d,1960,125,63,,d,1960,125,63,,,,,,,,,,,,,,,,,,
d,1961,126,82,,d,1961,126,82,,,,,,,,,,,,,,,,,,
d,1962,126,63,,d,1962,126,63,,,,,,,,,,,,,,,,,,
d,1963,126,63,,d,1963,126,63,,,,,,,,,,,,,,,,,,
d,1964,127,63,,d,1964,127,63,,,,,,,,,,,,,,,,,,
d,1965,125,63,,d,1965,125,63,,,,,,,,,,,,,,,,,,
d,1966,125,94,,d,1966,125,94,,,,,,,,,,,,,,,,,,
d,1967,126,73,,d,1967,126,73,,,,,,,,,,,,,,,,,,
d,1968,126,63,,d,1968,126,63,,,,,,,,,,,,,,,,,,
d,1969,126,64,,d,1969,126,64,,,,,,,,,,,,,,,,,,
d,1970,127,63,,d,1970,127,63,,,,,,,,,,,,,,,,,,
d,1971,127,85,,d,1971,127,85,,,,,,,,,,,,,,,,,,
d,1972,126,63,,d,1972,126,63,,,,,,,,,,,,,,,,,,
d,1973,126,63,,d,1973,126,63,,,,,,,,,,,,,,,,,,
d,1974,126,65,,d,1974,126,65,,,,,,,,,,,,,,,,,,
d,1975,125,63,,d,1975,125,63,,,,,,,,,,,,,,,,,,
d,1976,126,65,,d,1976,126,65,,,,,,,,,,,,,,,,,,
d,1977,126,65,,d,1977,126,65,,,,,,,,,,,,,,,,,,
d,1978,127,63,,d,1978,127,63,,,,,,,,,,,,,,,,,,
d,1979,127,64,,d,1979,127,64,,,,,,,,,,,,,,,,,,
d,1980,125,63,,d,1980,125,63,,,,,,,,,,,,,,,,,,
d,1981,125,64,,d,1981,125,64,,,,,,,,,,,,,,,,,,
d,1982,126,63,,d,1982,126,63,,,,,,,,,,,,,,,,,,
d,1983,126,64,,d,1983,126,64,,,,,,,,,,,,,,,,,,
d,1984,127,64,,d,1984,127,64,,,,,,,,,,,,,,,,,,
d,1985,127,64,,d,1985,127,64,,,,,,,,,,,,,,,,,,
d,1986,127,64,,d,1986,127,64,,,,,,,,,,,,,,,,,,
d,1987,126,64,,d,1987,126,64,,,,,,,,,,,,,,,,,,
d,1988,126,64,,d,1988,126,64,,,,,,,,,,,,,,,,,,
d,1989,126,64,,d,1989,126,64,,,,,,,,,,,,,,,,,,
d,1990,127,64,,d,1990,127,64,,,,,,,,,,,,,,,,,,
d,1991,127,108,,d,1991,127,108,,,,,,,,,,,,,,,,,,
d,1992,126,64,,d,1992,126,64,,,,,,,,,,,,,,,,,,
d,1993,127,67,,d,1993,127,67,,,,,,,,,,,,,,,,,,
d,1994,127,64,,d,1994,127,64,,,,,,,,,,,,,,,,,,
d,1995,125,64,,d,1995,125,64,,,,,,,,,,,,,,,,,,
d,1996,126,64,,d,1996,126,64,,,,,,,,,,,,,,,,,,
d,1997,126,66,,d,1997,126,66,,,,,,,,,,,,,,,,,,
d,1998,126,64,,d,1998,126,64,,,,,,,,,,,,,,,,,,
d,1999,127,85,,d,1999,127,85,,,,,,,,,,,,,,,,,,
d,2000,127,66,,d,2000,127,66,,,,,,,,,,,,,,,,,,
